id,type,text1,text2,text3,text4,notes
lightmg,WEAPON,"轻机枪是一种历史悠久且廉价易得的近程速射武器。贯穿整个太空战斗史，轻机枪就一直都被用来在近距离内对抗来袭的导弹与战斗机。但在面对拥有良好装甲的目标时效果不佳。

由于易于制造，轻机枪在星域中拥有着数百种不同的型号，即便这些武器的机械原理千差万别，但凡是使用化学发射药以超过 1200 发每分的射速发射动能弹头的武器都被归类为舰载轻机枪。

因为弹药的开销很低，所以流行于各种小型民用舰船当中。因弹头外包裹有高熔点金属，允许其枪口初速更快，并在近距离内产生惊人的动能伤害。",,,,
lightdualmg,WEAPON,"轻机枪的双管升级版。虽然它无法有效对付装甲目标，但自人类太空战斗史展开以来，它就已经担任着反导弹与反战机的任务。

作为一种速射小口径动能武器的连装版本，因其在拦截导弹与战机时的优秀表现而被星域中的大多数飞行员们所熟知。

双管轻机枪可在近距离内对敌舰护盾倾斜大量动能弹而致其反应堆迅速过载，而这正是那些缺乏战斗经验的菜鸟舰长所经常忽视的一种有效战术。",,,,
lightmortar,WEAPON,"尽管这种老式武器只能以低射速发射低初速的近程破甲弹，但较低的幅能需求正是它能被沿用至今的唯一理由。

光从其蓝图就不难看出，轻型迫击炮在设计之初可能并未考虑过被安装在星舰之上。但在后续发展中通过在后膛装填装置进行的一些巧妙改装，使得它得以能在大气层外安装并正常使用。在实战中，轻型迫击炮糟糕的转速和射速让它难以威胁到移动或者带护盾的目标。尽管如此，它还是经常被用于训练菜鸟炮手，以便让他们更好地掌握宇宙弹道学中的战术和术语。

如今这种轻便廉价的武器正被广泛应用于私人星舰或独行的星际飞行器上。",,,,
heavymortar,WEAPON,"拥有比表亲更高射速且能发射更大破甲弹的老式武器。尽管炮弹初速与射程较差，但较低的幅能需求正是它被沿用至今的唯一理由。

这种最初设计于行星地表作战的重型武器，其表面上是为了摧毁地面防御工事，但在城市轰炸中却发挥了更大的作用。由于机构简单且坚固耐用，因此只需替换自动测距仪与瞄准模块，就可使其在大气层外安装并正常使用。事实证明，用该武器来对付没有护盾且移动缓慢的目标时效果最佳。",,,,
vulcan,WEAPON,"能在贴身距离内对导弹与战机造成毁灭性打击的速射武器。但如果长期持续开火，其精度也会急剧下降。

这种经典的多管速射武器平台内配备有先进的计算装置，所以它通常只被允许由拥有 霸主 授权的供应商生产。常使用带有贫铀弹尖的实心弹头，虽不具爆炸性，但多管设计所产生的极高射速，使其在牺牲幅能成本的前提下，对近距离内的小型移动目标拥有着不俗的拦截效率。",,,,
lightac,WEAPON,"射程优秀的小口径自动加农炮，旨在削弱敌舰护盾，尤其是在对付护盾发生器较弱的目标时效果最佳。

拥有自动装填与水冷系统的武器，善于发射高速动能弹过载敌舰护盾。

适用于在小型舰船上提供火力支援。但较低的炮台转速，使它难以胜任反导和反战机任务。",,,,
lightdualac,WEAPON,"轻型自动加农炮的双管版本。这种优秀的密接支援武器，能有效削弱敌舰的护盾系统。由于高后坐力，其有效射程相对较短。

通过简洁巧妙的机械设计，在排出两倍于标准版数量弹壳的前提下，排除抛壳口被卡住的风险。与单管版本一致的是，该武器善于发射高速动能弹头来过载敌舰护盾。其配备的自动装填机与水冷系统也与单管版本类似。",,,,
lightag,WEAPON,"为近距离交战设计的小口径加农炮，反装甲效果优秀，且射速出众。

设计用于发射高爆弹药的小口径加农炮。为了提高安全性，它的冷却系统与自动装填器为防止高幅能状态下可能发生的弹药殉爆进行了专门设计。想要证明自己的驱逐舰舰长大多十分青睐这个小玩意。",,,,
fragbomb,WEAPON,"它能发射一连串依靠投放者惯性滑行，且配有近炸引信的小炸弹。

这种简单的三联装发射管，通过持续发射几十枚 Mk.VI 型破片炸弹来打击敌舰。尽管不具备制导与推近系统，且所谓的敌我识别完全依靠投射方的瞄准器，但它却能利用庞大的数量优势来覆盖大片区域，并在近炸引信被敌机触发时引爆，来产生类似防空炮的效果，以暂时在该位置生成防空拦截区。",,,,
clusterbomb,WEAPON,"释放一群依靠惯性飘浮的高爆炸弹，能有效摧毁缺乏点防的低速目标。

这种拥有三联装发射管的集束炸弹投射器，旨在持续发射几十枚完全依赖惯性飘浮的，且无制导、敌我识别与推近系统的 Mk.II 型高爆炸弹来打击敌舰，这些集束炸弹不仅能有效威胁缺乏护盾的老旧星舰，其惊人的投放量，也能起到区域封锁与正面压制的作用。",,,,
bomb,WEAPON,"久经考验的武器系统，其弹舱所携带的大量高爆弹头是依靠发射者那得到的速度飞向目标。

每个炸弹舱都装配有若干枚能逐一发射的 Comp-X 高爆炸弹。由于这些炸弹没有推进系统，而只能依赖从发射者那得到的速度飞向目标 (即，俯冲轰炸)。此外这项设计中所整合的热屏障也能使这些脆弱的炸弹能在敌方点防火力网下存活更久。",,,,
lightneedler,WEAPON,"每次开火均发射大量小型箭弹，爆发间隔较短。它强大的火力能迅速击溃绝大多数护盾系统，但对装甲难以起效。

发射无壳箭弹的小口径火炮。其令人过目难忘的供弹系统，能以每秒数百发的速度投射 ""针刺""。因不需要退壳机构，而由此富余下来的空间则安装了额外的冷却系统，以进一步提高射速。

人之领 海军理论表明，尽管该武器的主要职能是在较远距离外处理目标的护盾，但在紧要关头，火控手也应当将这些针刺转而应对敌方的战机单位和导弹威胁。",,,,
railgun,WEAPON,"轻型自动炮的一种高科技改良版本，能更精确地发射中程金属弹头，与前者同样擅长压制敌舰的护盾系统。

作为高斯炮的微缩变种版，而采用了相同的电磁发射技术，以获得优秀的精度与射程，且在不开火时，炮台的转速也非常之快。

对于炮手而言，在幅能充足的情况下，轨道炮将比轻型自动炮更胜一筹。",,,,
shredder,WEAPON,"一种多管旋转加农炮，工程规范浅显易读，操作维护简单方便。因此全星域的专业武器技师都在抱怨这种武器助长了各种不良维护习惯。

发射冰雹般小型破片弹来撕碎导弹与战机。幅能需求不高，但对装甲和护盾效果欠佳。",,,,
flak,WEAPON,"发射装有近炸引信的破片榴弹，以最大限度地对抗战机与导弹。

在 大崩塌 前那令人陶醉的年代里，该武器系统就随着小型廉价战机，特别是扮演打击角色战机的迅速崛起，而越发常见。其发射装有近炸引信的榴弹，能在爆炸时将大量弹片扩散至很大的范围内，以产生显著的杀伤半径。而最新型号还在火控系统内固化 Mk.VI 轨迹预测系统。",,,,
heavymg,WEAPON,"作为那些无处不在的速射机枪类武器的大兄弟，重机枪能有效地对付各种中小型目标。

作为星域中大部分巡逻船只值得信赖的选择，其使用的可靠气体反冲式机制，与用于开栓清洁用的主动弹药自燃保险和防双弹保护，甚至可以追溯到古老的地球时代。通常被安装在一处较重的底座上以吸收长时间连续射击产生的后坐力，虽武器口径有一定变化，但自动工厂仍能轻松制造。

因这些更重的弹头不像较轻的弹头那样在冲击中碎裂，而足以威胁到护卫舰的舰体。虽射速不如火神炮，但出色的精度让它足以担负点防御的重任。",,,,
arbalest,WEAPON,"古老的武器设计方案，其单发伤害在同级武器中较高。发射能有效对抗敌舰护盾系统的动能炮弹。

在 大崩塌 发生时，大部分的重型巡逻舰都配备有劲弩 Mk.I 武器平台。这可能就是劲弩自动炮是该星域中回收产量最高的武器系统的原因。由于冷却系统过于陈旧且不具备自动抛壳机，该武器系统的射速与可靠性相当糟糕。

它唯一的优点就是劲弩炮弹的蓝图容易获得，且在对付护盾时非常有效。如今这些炮弹如此有效的原因尚不明朗，但有人猜测这些炮弹外壳的设计可能无意间产生了某种电磁特性。",,,,
dualflak,WEAPON,"高射炮凶残而有效的双管升级版。以高效撕碎来袭的战机而被冠名以：寡妇制造者。

与标准高射炮相同，该武器不仅拥有良好的射速与炮塔转速，且能发射双倍近炸引信炸榴弹并快速歼灭战机与导弹，其环形破片散布也能产生更高的杀伤半径。由于惧怕这种武器的防空能力，而导致战机很少对装有该武器的战舰发动袭击。",,,,
chaingun,WEAPON,"由 GA-X 工业集团所生产的 Mk.II 突击链炮擅长近距离交火，特别是当精度不如火力密度和射速重要的时候。

拥有电动供弹/退壳系统和集成在炮管内的纳米冷却单元的突击链炮，能以将近每分 400 发的速度向目标倾泻锥形高爆破甲弹，而成为了 ""肉搏型"" 舰长们的最爱。

唯一的缺点是武器转速比预想得要慢。这是由于附属的调速器蓝图已经失传，而导致它不得不安装在一些不兼容的转轴上所导致的。",,,,
heavymauler,WEAPON,"旨在远程破坏装甲的先进武器系统。尽管射速较低但爆发伤害较高。

重型撕裂者是一种设计用于在中远程攻击目标的残暴武器。它的核心是一门拥有纳米冷却系统和外置抛壳口的自动加农炮。不过与常见加农炮所不同的是，重型撕裂者独特的反物质装填器能将痕量标准星舰燃料馈送至炮管。

离开炮膛时，每发炮弹的弹尖都被充入由重子镀层稳定的反质子，它们悬浮在炮弹尖端 10-20 纳米处。当炮弹击中敌舰时，这层反质子 ""外鞘"" 会失去稳态并发生质量溃灭，来进一步破坏目标。溃灭反应将在炮弹本身所产生的巨大破坏力的基础上继续造成损伤，这使其在对付装甲时尤为有效。",,,,
heavyac,WEAPON,"使用标准炮弹向中距离目标三发点射的三管自动加农炮。用来对付护盾时最为有效。

这种中口径三联装自动加农炮，不仅采用等口径的标准弹药，且使用的电发火引信也能确保它能准确依次开火。作为一种优秀的火力支援武器，常常被安装于驱逐舰和巡洋舰上，而数组重型自动炮阵列配合恰当的攻击策略甚至能对主力舰构成重大威胁。

但复杂的自动装填机与冷却系统所增加的质量使得炮台的转速相当之慢。",,,,
hveldriver,WEAPON,"用于在远距离内过载并瘫痪敌舰系统的专用武器。所发射的高速硬铀合金块也能有效对付护盾。

高速打击者通过二阶段加速将含有磁性钴铁核心的硬铀合金块加速到极高速度。第一阶段使用化学推进剂加速。并由二阶段磁力线圈进一步加速弹头并稳定弹道。弹头在击中目标前将携带大量电荷，因此在碰撞时会对敌舰产生强大的电磁干扰。",,,,
heavyneedler,WEAPON,"装在加重底座上的联装轻型针刺。以迅速击溃护盾的能力而被闻名于众。

在轻型针刺的基础上改进而来的先进武器，它升级了供弹与冷却系统，进一步提高射速，而弹药与前者同样采用了高硬度钨包被的无壳箭弹。",,,,
gauss,WEAPON,"用于过载目标护盾的远程武器。它所发射的重金属块只能被最厚的装甲挡下。

使用磁力线圈将一枚超重元素金属块加速到相对论速度。线圈的额定电流通常为几十亿安培，但有时也会超过一万亿安培。与大多数射弹武器不同，高斯炮在开火时产生的幅能极高。且装载该系统的炮塔转向速度也非常缓慢。

尽管武器本身非常有效，但拥有大型实弹槽位的典型舰船的反应堆输出功率通常都较低，限制了该武器的实用性。",,,,
hephag,WEAPON,"旨在用于击穿重甲的中程火炮。其粗野的压制火力也能一并击溃较弱的护盾发生器。

因极具毁灭性而被冠以上古火山之神的名号。其典型的重型炮塔内安装有两门 L/89 型号的炮管，并能以每分钟 240 发的射速来发射高爆破甲弹。而电磁退壳机、电动供弹器以及纳米制冷系统的存在，确保了它能持续开火很长一段时间。而这些低初速的锥形聚能装药弹头也具备极佳的穿透力。",,,,
mark9,WEAPON,"强大的中程自动加农炮，对抗护盾极为高效，也能利用大口径炮弹一并摧毁装甲薄弱的舰体。

众所周知，人之领 早期的战舰并不具备与现代水平相当的装甲保护。而 Mk.IX 型自动炮大概是从 人之领 最早的武器学院设计中得到的改良物。配有独特双重供弹机的两根炮管构成了该武器系统的核心。

据传，Mk.IX 自动炮的蓝图最早是从一艘被 Penelope's Star 重力井捕获的遗弃舰中寻获的。不幸的是，一名糟糕的无证估价师在草草看了一眼后就宣布该设计过时且无用。之后这份蓝图就被拍卖给了 Ko 联合实业 旗下的一个名叫 ""自由之星联盟"" 的小型雇佣军组织，并逐渐淡出人们的视野。

约数个星历年后，自由之星联盟终于制造出第一门原型炮并开始进行武器测试，但该武器在当时来说体积实在过于庞大，只能安装在最大的舰船上，其对装甲的破坏力仅能称为普通，而射程也并不突出。尽管如此，Mk.IX 自动炮仍用强悍的攻击力顽强地顶住了空谈者的诋毁。而在第二次测试中，其展现出的对护盾压倒性的破坏力，让反对者们彻底闭嘴。

该测试结果很快就泄露了。Mk.IX 自动炮的蓝图目前已是随处可见，意味着其早已被投入大批量生产以满足全星域的需求。",,,,
mjolnir,WEAPON,"能持续产生可观伤害，且具备杰出 EMP 破坏力的中程加农炮。

作为一种非常先进的设计，与传统意义上的加农炮不同，雷神炮采用独特的磁重力炮弹发射器，通过给每枚炮弹的微电容充满足够的能量来在局部形成一个微型奇点，而配合内置的重力场则能摧毁周围的一切并释放令人恐惧的电磁脉冲，以使目标武器与系统瘫痪。",,,,
multineedler,WEAPON,"以较小的散布持续倾泻巨量针刺弹，如同冰雹般呼啸而过的弹幕，将撕裂它前进道路上的一切。

风暴针刺是一种发射小型无壳箭弹的发射系统，由于其散热需求已经达到中型冷却系统的极限，因此无壳弹武器设计师为该武器加装了主动型纳米冷却系统，以及多根磁化膛线炮管与自动化操作系统。如今这种能不断从弹药库里向炮塔提供弹药的智能化供弹机，让它能在幅能容量充足时进行不间断射击。

其射程与射速不仅会对敌方护盾造成巨大压力，也能作为临时点防武器来应对威胁。",,,,
hellbore,WEAPON,"发射低速等离子充能弹头的重型加农炮。不仅能有效毁灭装甲。也能一并蒸发周围剩下的所有船体结构。

虽拥有令人恐惧的破坏力，但因制造能安全发射巨大成型的高爆弹头的炮管要求的工艺极度复杂，而导致其很少被使用。但该炮弹击中目标船体时，因诺依曼效应而使弹头会推动高温液态金属射流击穿装甲，并蒸发小片区域，造成船体破损，而泄漏的空气与破片也会让重创内部结构。",,,,
reaper,WEAPON,"威力强大且具备强力引擎的单发非制导鱼雷。

经典的打击武器，每一枚死神鱼雷都是带有装甲和强力推进器并携带浓缩反物质催化核弹头的无制导运载系统。人们普遍猜测它的物理学原理应该早已被 人之领 的权威机构列为高度机密，才会导致这款结构紧凑的毁灭装置背后的科学原理于公众而言知之甚少。如今唯一被广为人知的是，仅凭三到四枚未被点防御系统拦截的死神鱼雷，就足以毁灭一艘最大型的主力舰。",,,,
atropos,WEAPON,"这种先进的制导鱼雷因弹头载荷较小，所以才配备了先进的制导系统与更多的用于机动系统消耗的燃料。

作为一种长程制导鱼雷，因每个发射架均拥有两枚可依次发射的鱼雷，而让那些喜欢打击武器的舰长们有了更大的选择余地。由于核弹头会产生能干扰制导系统运行的重子干涉，而将弹头内爆炸物替换成体积更小但威力不减的化学炸弹。",,,,
atropos_single,WEAPON,"这种先进的制导鱼雷因弹头载荷较小，所以才配备了先进的制导系统与更多的用于机动系统消耗的燃料。

作为一种长程制导鱼雷，因每个发射架均拥有两枚可依次发射的鱼雷，而让那些喜欢打击武器的舰长们有了更大的选择余地。由于核弹头会产生能干扰制导系统运行的重子干涉，而将弹头内爆炸物替换成体积更小但威力不减的化学炸弹。

这个发射装置仅携带一枚鱼雷。",,,,
swarmer,WEAPON,"善于摧毁或拦截敌方战机的短程导弹发射器。

采用简单的红外制导系统来获得强大的追踪能力，且微型化学推进器也能提供非凡的机动性。因经过数世纪的实战应用而磨砺进化后的目标算法让蜂群导弹能更精确的追踪目标，且从不失手。",,,,
swarmer_fighter,WEAPON,善于拦截并摧毁敌方战机的短程导弹发射器。,,,,
annihilator,WEAPON,"能一次性发射大量且覆盖面积较广的非制导火箭。通常用于敌舰护盾下线时的间隙来借势撕裂目标装甲。

这种小型发射舱通过在一轮齐射中以极短的间隔发射五枚中远程火箭弹，以提高命中率。因火箭体积小且无制导系统，因此额外的空间则被更大的弹头、改进的推进系统以及更厚的装甲所占据。

因多发火箭齐射命中率很高，所以在对付大型目标时表现良好。而在鱼雷攻击前，往往通过利用一轮火箭齐射来吸引点防系统，来为之后的打击火力提供掩护。值得注意的是，歼灭者火箭炮在齐射之后需花费数秒时间来重新装填。",,,,
annihilator_fighter,WEAPON,能一次投射一定量非制导火箭。通常用于敌舰护盾下线时的间隙来借势撕裂目标装甲。,,,,
annihilatorpod,WEAPON,"能发射一连串的非制导火箭，不仅能有效打击目标装甲，且由于不会产生幅能，使它能持续给敌方施加压制火力。

歼灭者火箭发射器使用与小型发射舱同样的火箭弹，因火箭体积小且无制导系统，因此额外的空间则被更大的弹头、改进的推进系统以及更厚的装甲所占据。

由于命中率较高，所以在对付大型目标时表现良好。而在鱼雷攻击前，往往通过利用一轮火箭齐射来吸引点防系统，以为之后的打击火力提供掩护。",,,,
heatseeker,WEAPON,"专注于锁定目标引擎并试图以强大的电磁脉冲将其瘫痪。其配备的自动装填系统，使它能在拉锯战中发挥出更大的作用。

火蛇导弹是一种拥有两种设计考虑的特殊武器，其一是先进的猎歼机制可以轻松锁定敌舰引擎，同时也能主动规避点防御武器等潜在威胁。

其次是火蛇所用的特殊弹头，与单纯用于摧毁目标的动能或高爆弹头不同，该弹头通过激发强大的定向电磁场，尤其是在没有护盾保护的引擎或船体组件旁爆发时，即可将其电子设备瞬间瘫痪，并使目标在被修复前动弹不得。",,,,
salamanderpod,WEAPON,"专注于锁定目标引擎并试图以强大的电磁脉冲将其瘫痪。其配备的自动装填系统，使它能在拉锯战中发挥出更大的作用。

使用外挂发射舱取代了常见的导弹发射架，能同时发射两枚导弹。自动装填系统能迅速完成下一轮两发导弹的抽取，挂载和发射准备工作。

火蛇导弹是一种拥有两种设计考虑的特殊武器，其一是先进的猎歼机制可以轻松锁定敌舰引擎，同时也能主动规避点防御武器等潜在威胁。

其次是火蛇所用的特殊弹头，与单纯用于摧毁目标的动能或高爆弹头不同，该弹头通过激发强大的定向电磁场，尤其是在没有护盾保护的引擎或船体组件旁爆发时，即可将其电子设备瞬间瘫痪，并使目标在被修复前动弹不得。",,,,
harpoon,WEAPON,"发射大当量中程导弹的发射装置。旨在摧毁失去护盾保护的舰船。

这种三联装发射架所搭载的鱼叉导弹，因其先进的推进系统而使一枚大型弹头能以亚光速击中敌舰。以牺牲机动性为代价而换取更高的速度与更大的弹头，而使它成为了星域中应用最为广泛的非打击型武器之一。其卓越的破坏力仅凭一发就足以给护卫舰造成致命打击。

该发射架上装载有数枚鱼叉导弹。",,,,
harpoonpod,WEAPON,"中程高载荷制导导弹发射舱。旨在快速摧毁失去护盾保护的舰船。

通过以一种外挂发射架代替了常见的发射系统，而使其能在短时间内连续发射多枚导弹。内置的自动供弹系统也会在短暂等待后开始重新装填，来为下一轮齐射做好准备。

与三联装发射架所搭载的鱼叉导弹相同，因其先进的推进系统而使一枚大型弹头能以亚光速击中敌舰。以牺牲机动性为代价而换取更高的速度与更大的弹头，而使它成为了星域中应用最为广泛的非打击型武器之一。其卓越的破坏力不仅能轻松摧毁护盾下线的战舰，且仅凭一发就足以给护卫舰造成致命打击。
",,,,
harpoon_single,WEAPON,"发射大当量中程导弹的发射装置。旨在摧毁失去护盾保护的舰船。

这种三联装发射架所搭载的鱼叉导弹，因其先进的推进系统而使一枚大型弹头能以亚光速击中敌舰。以牺牲机动性为代价而换取更高的速度与更大的弹头，而使它成为了星域中应用最为广泛的非打击型武器之一。其卓越的破坏力仅凭一发就足以给护卫舰造成致命打击。

这个发射架仅携带一枚导弹，但凹入船体的战斗级弹仓中还携带有一枚替换弹。",,,,
sabot,WEAPON,"能以二阶段推进的方式发射一大簇高速动能穿刺弹头，这些弹头不仅能极大地削弱护盾，在击中船体时也能产生不俗的 EMP 效果。最致命的是，普通点防武器对赛博来说几乎毫无作用。

作为近程二级动能武器。当一级制导导弹携带着二级动能弹头到达攻击距离时，内置计算机将会顺势点燃动能弹头的推进器，正如其名，赛博所使用的二级弹头是由贫铀之类的高密度金属所制成的尾翼稳定脱壳穿甲弹。

虽非常适合用于打击敌舰护盾并使其反应堆超载，但由于如今的标准装甲均有间隔，如果目标及时关闭护盾并以这些致密的装甲来承受穿刺弹头的打击时，其造成的破坏力将大幅降低。

该武器系统装载有数枚赛博导弹。",,,,
sabotpod,WEAPON,"能以二阶段推进的方式发射一大簇高速动能穿刺弹头，这些弹头不仅能极大地削弱护盾，在击中船体时也能产生不俗的 EMP 效果。最致命的是，普通点防武器对赛博来说几乎毫无作用。

通过以一种外挂发射架代替了常见的发射系统，而使其能在短时间内连续发射两枚导弹。内置的自动供弹系统也会在短暂等待后开始重新装填，来为下一轮齐射做好准备。

作为近程二级动能武器。当一级制导导弹携带着二级动能弹头到达攻击距离时，内置计算机将会顺势点燃动能弹头的推进器，正如其名，赛博所使用的二级弹头是由贫铀之类的高密度金属所制成的尾翼稳定脱壳穿甲弹。

虽非常适合用于打击敌舰护盾并使其反应堆超载，但由于如今的标准装甲均有间隔，如果目标及时关闭护盾并以这些致密的装甲来承受穿刺弹头的打击时，其造成的破坏力将大幅降低。

这个武器系统的特点是一个就挂载了数枚导弹的发射架。",,,,
sabot_single,WEAPON,"能以二阶段推进的方式发射一大簇高速动能穿刺弹头，这些弹头不仅能极大地削弱护盾，在击中船体时也能产生不俗的 EMP 效果。最致命的是，普通点防武器对赛博来说几乎毫无作用。

作为近程二级动能武器。当一级制导导弹携带着二级动能弹头到达攻击距离时，内置计算机将会顺势点燃动能弹头的推进器，正如其名，赛博所使用的二级弹头是由贫铀之类的高密度金属所制成的尾翼稳定脱壳穿甲弹。

虽非常适合用于打击敌舰护盾并使其反应堆超载，但由于如今的标准装甲均有间隔，如果目标及时关闭护盾并以这些致密的装甲来承受穿刺弹头的打击时，其造成的破坏力将大幅降低。

这个发射架仅携带一枚导弹，但凹入船体的战斗级弹仓中还携带有一枚替换弹。",,,,
sabot_fighter,WEAPON,"能以二阶段推进的方式发射一大簇高速动能穿刺弹头，这些弹头不仅能极大地削弱护盾，在击中船体时也能产生不俗的 EMP 效果。最致命的是，普通点防武器对赛博来说几乎毫无作用。

作为近程二级动能武器。当一级制导导弹携带着二级动能弹头到达攻击距离时，内置计算机将会顺势点燃动能弹头的推进器，正如其名，赛博所使用的二级弹头是由贫铀之类的高密度金属所制成的尾翼稳定脱壳穿甲弹。

虽非常适合用于打击敌舰护盾并使其反应堆超载，但由于如今的标准装甲均有间隔，如果目标及时关闭护盾并以这些致密的装甲来承受穿刺弹头的打击时，其造成的破坏力将大幅降低。

这个发射架仅携带一枚导弹。",,,,
breach,WEAPON,防护得当、追踪性能良好，且搭载特制小型反装甲弹头的高速导弹。,,,,
breachpod,WEAPON,防护得当、追踪性能良好，且搭载特制小型反装甲弹头的高速导弹。,,,,
pilum,WEAPON,"适用于给后方作战舰艇提供远程火力支援的二级导弹。由于其二阶段能瞬间加速，使它有更高的几率越过敌舰的点防火力。

作为一种技术成熟的武器系统，短矛导弹显然是那些谨慎舰长们进行远程打击的首选。弹头由一个能在主动护盾上造成点状故障的装置和一个 EMP 发生器组成，目的是先给护盾打开缺口并对目标舰体释放一定量的电弧打击。由于导弹内巨大的燃料舱所带来的诸多限制，让这两种装置并不是特别有效。

内置有自动装填系统，使它在拉锯战中也能发挥一定的作用。",,,,
phasecl,WEAPON,投射一些低速的近程炸弹，具备优秀的爆炸半径与摆脱点防火力的优势。不仅能有效摧毁战机联队，也能破坏战舰装甲。,,,,
phasecl_bomber,WEAPON,投射一些低速的近程炸弹，具备优秀的爆炸半径与摆脱点防火力的优势。不仅能有效摧毁战机联队，也能破坏战舰装甲。,,,,
typhoon,WEAPON,这种简单粗暴的武器，由发射管与携带五枚死神鱼雷的弹匣所组成。,,,,
cyclone,WEAPON,"能逐一发射两枚死神鱼雷的双管发射器。可对那些机动性较差的战舰予以毁灭性打击。

这种庞大的武器系统由两根鱼雷发射管与一个能容纳 20 枚鱼雷的大型弹药库组成。依靠其火控系统，它可在一轮内逐一发射两枚死神鱼雷，之后自动填弹装置将在数秒内重装完毕。",,,,
hurricane,WEAPON,"能发射在接近目标时分裂成多个小型高爆弹头的导弹。可轻松重创那些失去护盾保护的大型舰船。

飓风 MIRV 发射系统是扩展纪元所设计出的先进武器，旨在发射一种能投射多枚小型高爆制导弹头的动力运载舱。这些拥有锥形装药的小导弹不仅能有效破坏装甲，其内置的弹道计算机可确保所有弹头均可命中目标，且破坏力也足以威胁所有类型的舰船。而整合这些特点的飓风导弹使其成为了战场上闻风丧胆的杀戮利器，而炮手只会在接到彻底摧毁目标的命令时才会发射飓风 MIRV。",,,,
mininglaser,WEAPON,"用于拦截导弹与战机的廉价多用途激光。与众不同的构造使它拥有比大多数点防武器更优秀的射程。

Mk.I 钻探激光炮为了适应战斗而进行了氟气增益介质改装，且对原本的陨石追踪系统加装了 670 nm 跟踪光束以锁定来袭导弹。这种武器往往无法威胁到大型舰船。",,,,
pdlaser,WEAPON,"用于拦截导弹与战机的小型激光武器。以极佳的追踪性能、良好的破坏力以及较短的射程而被人们所熟知。

简单可靠以及低幅能输出使得 PD 激光炮成为了一种应用较为广泛的点防武器。由二氧化碳增益介质与近程标记激光所组成，因这种简单的一级透镜无需移动组件，因此在没有维护程序的情况下也能长时间正常运作。不过较低的伤害使得 ""希望那是哑弹"" 的祈祷词被广为人知。",,,,
taclaser,WEAPON,"非常灵活的标准战斗激光炮，在中远距离均有不错的表现。但对付无护盾保护的目标时效果最佳。

战术激光是射束武器领域的代表性作品，因其维护成本低、用途广泛且易于制造，而成为了星域激光武器中值得信赖的选择。由一种能发射波长为 670 nm 的标准二氧化碳介质增益激光器与三组透镜组件构成，因此非常适合作为小型战舰上的支援武器，特别是在长期交战中表现最好。",,,,
ioncannon,WEAPON,"能连续发射电磁脉冲以快速瘫痪敌舰系统与引擎的中程能量炮。命中时还能产生攻击着弹点附近系统的电弧。

离子炮的非标准增益介质能将重子物质在发射器中高度离子化，当离子团击中目标时，将会产生局部电磁场，并将周围包括传感器、燃料点火器、定位模块、计算机在内的所有电子设备带来灭顶之灾。尽管该武器会熔断某些电路，对护盾产生轻微应变，但所造成的永久性伤害几乎可以忽略不计，所以很少有人会在自己的船上装满这些玩意。",,,,
ioncannon_fighter,WEAPON,能连续发射电磁脉冲以快速瘫痪敌舰系统与引擎，开火速率较低的中程能量炮。命中时还能产生攻击着弹点附近系统的电弧。,,,,
irpulse,WEAPON,"幅能效率较高的红外激光脉冲，能长期发射中程能量束来压制敌舰。

与大多数激光武器相似，IR 脉冲激光采用标准的二氧化碳增益介质来发射 11 微米波段的脉冲束。且持续供给能源的 Q开关 足以支撑到 IR 脉冲把目标熔化，尽管比传统激光炮更为有效，但功耗也会更多。常被应用于战斗机或护卫舰之上，以便利用良好的机动性来弥补其射程上的不足。",,,,
irpulse_fighter,WEAPON,幅能效率较高，但开火速率偏低的红外激光脉冲，能长时间发射中程能量束来压制敌舰。,,,,
lrpdlaser,WEAPON,"用于拦截导弹与战机的中程激光武器，虽能长时间开火但威力颇低。

通过加装额外透镜来解决标准二氧化碳激光器在工作时会散射的问题，由于仍发射波长为 11 微米的激光，而导致射程加长的它因较低的输出功率而大大削弱了伤害。其唯一的优势就是可以用来对付赛博这种特殊的反护盾导弹，毕竟标准点防武器可没有那么远的射程来拦截这些狡猾的家伙。",,,,
pdburst,WEAPON,"拥有内置电容的瞬发 PD 激光炮可在短时间内以极快的速度对目标予以连续打击。只要给予足够的充能时间，它就能成为拦截效率最高的点防武器之一。

由 PD 激光炮改进而来，利用 Q开关 与脉冲泵浦方式，来确保能量按预设的间隔达到峰值时，供给到钛蓝宝石增益介质。其结果就是，这种每隔数秒就能开火一次的武器，在拦截小型目标时效率极佳。且极低的功耗，甚至能让一些战机动力核心也能承受其射击负荷。",,,,
pdburst_fighter,WEAPON,"拥有内置电容的瞬发 PD 激光炮可在短时间内以极快的速度对目标予以连续打击。应安装要求而缩小了尺寸，使它的电容器比标准版更小，而导致充能速率降低。

由 PD 激光炮改进而来，利用 Q开关 与脉冲泵浦方式，来确保能量按预设的间隔达到峰值时，供给到钛蓝宝石增益介质。其结果就是，这种每隔数秒就能开火一次的武器，在拦截小型目标时效率极佳。且极低的功耗，甚至能让一些战机动力核心也能承受其射击负荷。",,,,
amblaster,WEAPON,"射速极为缓慢但破坏力极高的能量炮，虽射程极短，但足以对星域中最大的战舰构成威胁。

因所发射的反物质需存储至内置有能产生强大磁场的嵌套壳体内，而使其成为了现存武器中最复杂的一种。为了制造一个强大到足以容纳反物质弹药 (通常是正电子) 的电磁场，内置的电容必须花费较长时间的充能。一旦产生了约束力足够的电磁场时，磁场外壳就将瞬间破裂，而里面的反物质将会在开火时产生的洛伦茨力的作用下射向目标。

对一切目标都有效得可怕。",,,,
phasebeam,WEAPON,"射程与持续时间短，但威力巨大的激光武器，与其他瞬发光束类似，均拥有极佳的装甲破坏力。

利用三倍蓝宝石增益介质，以确保能发射武器承载范围内最优波长的激光。此外通过超维滤波器发射的光子，其部分能量也将被转入相位空间输出。不过由于这套滤波器相关的物理原理尚未被完全理解，因为在实验室测试中，如果光束能量超过 6.66 吉瓦，光束在相位空间内的分量有时会产生闪噪，如同被无形的屏障阻挡一样。目前实际使用中的相位长矛不会采取如此之高的能量水平，由此来保证其稳定性。",,,,
gravitonbeam,WEAPON,"能远距离对护盾持续施压的非典型光束武器。几乎无法威胁到装甲。

基于一种超膜裂隙发生器与波长为 500 nm 的激光追踪器所构成。该光束会为操作员提供目标反馈，同时为裂隙提供当前时空坐标。

当空间裂隙被打开，高维宇宙膜中的重力子会大量进入当前时空，并存留 1 秒左右。而由此产生的引力切变会对目标造成一定伤害，更何况这种高维度重力子本身也能有效压制能量力场。",,,,
pulselaser,WEAPON,"能连续发射能量束的武器，对于拥有足够幅能寄存并希望能在中距交火中持续压制敌人的舰长来说非常有用。

一种发射脉冲激光而非恒定光束，且总输出功率远超前者的设计。但与大部分激光发射器相似的是，它仍采用了二氧化碳增益介质激光器所产生的波长为 11 微米的光子。

短时间内输出更多的能量脉冲激光，将会使目标装甲表层被逐渐烧蚀并最终气化，并由此产生的冲击波也会对船体结构造成一定的损伤。",,,,
miningblaster,WEAPON,钻探冲击波不仅是矿工的好伙伴，且能以大量幅能为代价，向中程目标发射粉碎性的能量束。,,,,
heavyblaster,WEAPON,"能连续发射能量束的武器。极高的破坏力与极高的幅能输出，使其成为最具杀伤性的武器之一。

这种可靠的武器系统，采用了能在强大电流下转变为等离子体的改进型高能气体作为弹药。开火前，一个引导电子会被预先沿着发射轨道，以确保其不稳定的等离子团能以预定的方向前进。而这也得归功于一种不太容易理解的物理特性。",,,,
heavyburst,WEAPON,"瞬发 PD 激光炮的重型版本，拥有着更优秀的射程与更多的电容器，以大幅提高其拦截效率。

这种常常被低估的武器，其实是星域中性能最好的激光武器之一。哪怕对透镜外壳和增益介质进行粗略测试，就足以使那些最持怀疑态度的检查员也得承认这是 人之领 所能提供的最好技术成果。

霸主军备委员会 和 速子科技混合物理部 的顶级研究员，都不能理解它产生脉冲效果的原理。理论上，Q 开关 产生的多相位光束在通过量子滤波器时产生的量子纠缠效应可以形成脉冲现象。这或许能解释本被认为是故障保险系统的三级透镜外壳的作用。但这仅是理论而已。

在战斗中，重型瞬发激光炮最受那些希望拥有先进点防系统的舰长喜爱。",,,,
plasma,WEAPON,"这种巨大而神秘的武器大概是星域中最具破坏力的持续伤害来源，前提是安装该武器的战舰能处理它所产生的巨额幅能。

与引力子束以及相位长矛类似，等离子炮利用了少有记载的薄膜物理学原理来发射载荷。等离子炮所使用的炮弹是一种利用重力透镜和重子透镜向内聚焦能量而形成的微聚变炸弹，而聚焦过程导致的爆炸将产生一团暂时被异常空间控制的等离子团，这些等离子团在持续数秒的约束磁场控制下飞向目标。如果这团能量场的凸部未被物质或能量产生至少 9000 N 的力破坏的话，那么更高一级的膜便会吸收破坏性的等离子体，并使它从我们的维度中永远消失。",,,,
hil,WEAPON,"这种射程远伤害高的激光武器，常被安装在那些需要高效反装甲武器的舰船或者火力支援舰上。

高强度激光是一种威力巨大的能量武器，拥有一个能量密度超过千兆瓦级的能量源。为了长时间提供如此巨大的能量，而设计了一个内置的聚变能源核心。尽管如此，该核心依旧需要一套外部的控制系统与在开始攻击时从舰船反应堆提供额外能量的管线。

三组高精度透镜将光子聚焦到点火单元上，并在数秒内充入能量以形成相干光束。高强度激光的增益介质是二阶气-固态物质，它们能形成 Q 开关，并产生使目标在数秒内消失的强大粒子流。

由于极远的锁定距离与射程，使高强度激光能在确保安全的前提下为正在近身鏖战的友军舰船提供密接支援。而那些有能力在使用它的同时控制好幅能的舰长们则很喜爱这个玩意。",,,,
autopulse,WEAPON,强力且非常高效的能量武器，在核心部位装载了大量的内置电容器。消耗电容器充能可以造成极高的爆发性伤害，但较低的持续射击速率在一定程度上抵消了这一优势。,,,,
guardian,WEAPON,"由装满小型激光炮的旋转吊舱所构成的点防系统，其内置的电容器足以让它以极高的效率拦截来袭的战机与导弹。

能够侦测并击毁一切突破护航部队火力圈的战机和导弹的军用级点防御武器。因其夸张的体积与较高的幅能输出，保卫者系统一般只会被安装在主力舰上。

利用自主型亚 Gamma AI 核心与五组独立二氧化碳激光器组合，独立的转向系统供能装置使它几乎能瞬间锁定目标。虽较高的能源需求意味着每次开火仅能维持数秒，但也足以应对绝大多数威胁。",,,,
tpc,WEAPON,"作为直连攻势-级船体的内置武器，这种超重型旧世代能量武器可以为其提供压倒性的正面火力。

热脉冲加农炮设计于可拆卸能量武器被 人之领 海军设计师们普遍接受之前。由于当时根本没有其他舰船能容纳这种巨型武器的空间，也没有任何舰船搭载了能满足其能量需求的反应堆，而导致该武器被硬编码进了攻势-级的蓝图当中。

尽管被后来一些模块化武器设计所超越，但它依然是攻势-级火力中不可或缺的一部分。",,,,
tachyonlance,WEAPON,"借助级联 EMP 组件造成毁灭性破坏力与脉冲洪流的爆发光束武器。即使命中护盾，也能在目标处于高硬幅能状态时产生足以击穿它的电弧。

速子长矛因其强大的威力与极高的稀有度而在星域中有着传奇般的地位。它的核心技术基于实验性的 FTL 通信系统的原型机，它借助超光速粒子的超维特性并非用于通讯，而是通过 N 膜控制系统与反等离子体所产生的超空间带电粒子风暴来打击目标。该系统所需求的能量极其惊人，即使是速子长矛配备的最大电容器也仅能维持数秒开火。

与普通光束武器所发射的光束不同，那些超光速粒子无法聚焦或被约束。事实上，一旦速子长矛开始预热，它就无法中断反应，必须将内建能量彻底耗尽才能进入冷却。而当如此高能的反等离子体经过正常空间时，它所诱发的电磁风暴、引力位移与热穴效应将撕裂路径上的一切，并对附近的电子仪器造成严重的破坏。",,,,
onslaught,SHIP,"历史悠久的著名设计。在先进打击武器、新型能量武器、护盾系统均未被开发出的远古时期，攻势-级战列舰就已经开始服役于 人之领 中的无敌舰队。

当攻势-级第一次从轨道船坞发射升空时，这艘让周遭舰船相形见绌的庞然大物让整片星域都为之震颤。甚至有传言称它们是在一场早被遗忘的战争中被制造用以对抗异种的中流砥柱。后来，人之领 工程师对其蓝图进行了改进，不仅增加了护盾系统、升级了超光速引擎、还通过自动化和迭代工程减少必要船员的数量。即使有其它更先进的主力舰蓝图，但由于系统极其简单，故攻势-级仍然当今最容易生产的主力舰之一。

这艘在设计时就未曾考虑护盾的战舰仅凭可靠装甲就能在承受猛烈炮火的同时，最大程度保护船员们的安全并组织有效反击，因而深受军官和船员们的爱戴。尽管在后勤方面需依赖大量的弹药补给，但凭借其无与伦比的正面火力，让攻势-级可在数分钟内摧毁整支舰队。

如今，攻势-级以中坚力量的角色，骄傲地服役于 霸主 海军之中。",,,,
astral,SHIP,"技术先进的主力舰，星体-级航母通过所搭载的大量战机联队来为其提供强大的火力输出。

在 大崩塌 发生前的几年里，星体-级一直被公认为 人之领 整个航母设计领域的缩影。几乎所有可被设计为自动化的系统全部被无人化，然后由复杂但在许可范围内的 次级 AI 来进行操控。它的舰载武器偏重于防御，往往仅由点防御武器和导弹发射架组成。

星体-级的主要火力通常依赖所搭载的战机联队，这些数量庞大的战机为母舰提供了极为灵活的战术空间。只要敌舰出现在它的扫描视野中，它就能用一个最简单的起飞命令，呼叫拦截机、轰炸机、战斗机将其快速粉碎，然后用高度自动化的整备设施快速维修返航的舰载机并为它们补充弹药。尽管该航母能借助强大的 X-35 护盾来确保自身安全，可一旦护盾发生器离线，那么它将变得异常脆弱，因此星体-级一般不处于航母舰队中的前锋位置，且绝不会在没有战机联队保护的情况下独自航行。英仙座少有配备了星体-级的特种舰队，毕竟除了征服整颗行星或者封锁大片宇宙空间以外，几乎没有什么任务需要如此强大的武力。

现如今，星体-级可能是整片英仙座星域最为先进的主力舰级航母。它复杂的构造对轨道船坞的生产技术要求非常严格，故鲜有星体-级服役于 霸主 舰队中。仅有 速子科技 旗下的高级军官或极其富有的军阀上将，才偶尔建造一艘星体-级并作为旗舰来使用。",,,,
atlas,SHIP,"可轻易装载成百上千单位的集装箱，且配有超光速引擎和少量防御系统的星载货运平台。

旨在为偏远的前哨站点提供全面的充足补给，因此阿特拉斯-级不适合本星域中最普遍的小量、快捷的贸易活动。由于其庞大的体积与缓慢的速度，导致它出现的地方经常会吸引一些不请自来的 ""客人""，从充满好奇心的围观群众，到一心想破坏集装箱磁重力固定器的海盗，甚至还有想彻底摧毁它的狂信徒。尽管如此，阿特拉斯-级依旧被 霸主 广泛应用于多项重要运输任务中，尤其是因季节而需大量运输的农业产物。为此 霸主 专门组建起了一支由阿特拉斯-级为主的庞大运输队，并用大量全副武装的巡洋舰充当护航编队，以此确保 霸主 人民的生命线不被切断。

被任命为阿特拉斯-级的船长简直是对能者的酷刑，注定了今后只能在例行货运时麻木不仁的无聊，和遭遇海盗袭击时可怜无助的恐惧两种见来回颠簸。",,,,
conquest,SHIP,"征服者-级战列巡洋舰是集中火力理念的具象化产物。因它在战机还未大范围普及的时间点面世，所以该战舰选择了通过削弱装甲厚度来强调火力以及速度。

那时太空海军战术家们深信，新的武器系统总是会胜过装甲与护盾，也是取得一场战斗胜利的关键因素。那么为什么不建造一艘专注于速度与火力的战舰呢？仅配以巡洋级别的防护，但赋予其所能用的最强武器，并确保速度上能超过配有同级武器的其它巨舰，显然征服者-级就是综合了这一切理念的杰作。除此之外，许多先进技术也被纳入该设计之中，其中就包括了拥有高效作战设计的圆形武器底座。尽管较高的机动水平意味着需配合更好的好航行技能，但却能为指挥官提供更多的战术选择。

古语云：""勇者天佑"" 征服者-级的确眷顾着那些勇敢的舰长，那些不惜一切代价渴求胜利的人们。",,,,
paragon,SHIP,"人之领 战舰设计中的巅峰之作，造就了该主力舰的诞生的并非军事上的必要性，而更多地是海军部某些高层军官的野心在 速子科技 以及其它主要承包商的大力支持下所带来的结果。

没有任何一艘主力舰要比典范-级更加坚挺、强大，它是旧时代真正意义上的无敌巨舰。",,,,
odyssey,SHIP,"尽管不对称的球形设计掩盖了这艘战列巡洋舰的真正实力，但凭借独特的船体构造与战术系统，奥德赛-级不仅将能量武器与机动战术完美衔接，还依靠内置的飞行甲板获取了更多的战术选择。

奥德赛-级曾被 人之领 海军采购委员会认为是一种失败的设计，并提出许多反对意见：战术定位模糊，军官会议室太大，能源网仅使用高级组件，且配件昂贵。尽管经历了几轮令人瞠目结舌的预算超支和贿赂丑闻，但它的生产合同仍坚持到最后的原型实验前才被驳回。但从未放弃过一次赚钱机会的 牵牛星科技 将奥德赛-级授权给了几个身处边境的开发公司，其中不乏 天苑四-乌托邦地貌改造集团 这类的大客户，为他们提供一种可靠的武装移动勘探总部与操作平台。正是因为它在大公司开发边境的过程中扮演了重要的角色，让原本稀有的奥德赛-级最终出现于英仙座星域当中。",,,,
dominator,SHIP,"笨重但极具威胁，统治者-级是 霸主 领域内，被广泛应用的星系防御巡洋舰之一。

尽管不是最先进的船体构造，但统治者-级凭借所配备的大量实弹武器挂载点，来轻松完成保卫固定设施和关键贸易商路的使命。由于它的护盾性能低下且难以管理，因此使该舰更注重于利用重型装甲来抵御大多数猛烈炮火。除了坚不可摧的装甲以外，分布合理的点防御火力也使统治者-级能有效抵御轰炸机的高速鱼雷。它是""真正可靠的军事工程难以被所谓的新理念、新科技所轻易战胜""的最佳证据，在那些果敢且经验丰富的军官手中更是如此。

可靠耐用，经常出没于核心世界和前哨站附近的主权领域中。也许它就是海盗与某些无事生非的巨型企业最厌恶最害怕的战舰。",,,,
aurora,SHIP,"极光-级巡洋舰是一块罕见的技术瑰宝。这艘巡洋舰凭借放眼全星域都数一数二的卓越机动，以及高效率、广弧度的尖端护盾发生器，成为了乱世的万全之选。

人们难以想象 人之领 海军舰队能凭借这样圆滑、不对称却异常高效的巡洋舰创造怎样的奇迹。安装在船体各处的先进幅能耗散系统支撑起极光-级强大的护盾，也为其提供了深广的幅能空间。

尽管大部分用于建造极光-级的蓝图都是受到严格封存的企业机密，但仍有那么几艘成品被观察到于 速子科技 舰队之中服役，且一些富裕的雇佣军舰长也会想尽办法从特殊渠道内购买一艘以充当旗舰来使用。

在相同的吨位下，很少有其它舰船能超越极光-级巡洋舰。它唯一的缺点是高昂的造价。",,,,
apogee,SHIP,"至高点-级有效综合了先进的科学与军事技术，是在危险星区中进行远航探索的不二之选。

舰首处的大型不对称结构被众多远程扫描仪所塞满。至高点-级的舰长通常习惯独自行动，他们往往是一群独立自主、自力更生的冒险家。

通过灵活运用高效护盾以及强大引擎，使其能在一对一的交战中立于不败之地。然而孱弱的装甲使它遭受多方集火时显得有些弱不禁风，因此至高点-级很少成为大型舰队中的一份子。

高昂的成本意味着只有富裕的技术挖掘企业才能负担得起，这些至高点-级通常会全副武装，执行更为激进的勘探任务。",,,,
venture,SHIP,"坚固可靠且并不昂贵。企业-级常由私营公司以执行护送任务为目的而制造，或被没有靠山的独立殖民地用于星系防御。

大概是星域中应用最广泛的民用巡洋舰。企业-级的蓝图不仅在大多数地区都频频出现，且很容易到手。

作为各类小型组织的青睐之选，这种结实可靠的巡洋舰常常以舰队骄傲的姿态被它们的舰队用于执行重要行动。而它随处可得的特点也让它被一些小规模海盗组织充当旗舰来使用。",坚固、耐用、可靠的企业-级通常利用导弹来进行远程火力支援，但也缺乏在长期作战中所需的持续输出能力。尽管内置的探矿无人机能提供额外的防御火力，但所配备的民用级反应堆依旧会在护盾遭受猛烈炮火时被迅速击垮。,,,
eagle,SHIP,"雄鹰-级经常出没于前线战斗舰队中，并扮演着中坚力量的角色。这很容易理解：凭借均衡的配置、强劲的引擎、致命的武器，雄鹰-级对任何敌人来说都是一个巨大的威胁。

它能给敌方舰队带来强劲的战术冲击，还能依靠大量炮塔与合理的点防御火力轻松拦截任何靠近的小型目标。而良好的装甲与高效的护盾使雄鹰-级即使被更强大的主力舰攻击时也能安然应对。

然而这些优势在某种程度上使其很容易被战斗机所克制，因此该舰舰长需要时刻注意来袭的战机联队，因为雄鹰-级会轻易地在新式打击武器密集数攻击下被迅速瘫痪。

作为从 人之领 继承下来的一种灵活且强大的巡洋舰，雄鹰-级不断地提醒着人们，那些人类曾在美学与技术上所获得的杰出成就。",作为一艘敏捷的巡洋舰，雄鹰-级难以被从侧翼偷袭，且具备注重正面集火的火力配置。,,,
falcon,SHIP,"雄鹰-级的小兄弟。猎鹰-级通过牺牲装甲来换取优秀速度，以在军方舰队中充当轻型巡洋舰的角色。

独特的 ""轻量化"" 设计并未使得火力显著下降，反而让猎鹰-级能为任何舰队提供有价值的战术支持。只要给予它适当的武装，就能让这种轻型巡洋舰不管是在密接支援还是突击方面都能轻松胜任。

猎鹰-级的辅助推进器不仅给予它优异的机动性，且能在某些危急关头起到快速脱离战场的作用。

迅捷而优雅的猎鹰-级不仅常在稍大的舰队中担任指挥角色，同时也是各重要贸易路线的坚定守护者。",猎鹰-级有着令绝大多数小型舰船都自愧不如的卓越机动，但火力稍有欠缺。它巡洋级别的反应堆和外层装甲，使它能轻松碾过那些更小的舰船。,,,
medusa,SHIP,"美杜莎-级是一种令人畏惧的先进驱逐舰，强大的引擎赋予其优异的速度与机动性，布局合理的炮塔还为它提供了丰富的战术选择。但苛刻的后勤维护成本让一些指挥官不得不减少它的出场机会，而选择部署其它性价比更高的舰船。

美杜莎-级与特种部队以及精英海盗关系紧密，它是这些组织内最受尊敬的驱逐舰之一。同时因原始蓝图存世量稀少，且一般只被实力雄厚的大型制造商与军方势力所严密掌控，所以现在只有那些登上过美杜莎-级的幸运儿才能准确描述出这艘先进驱逐舰所具备的尖端技术。

因造价高昂而让大部分企业与政府都难以进行批量生产，如今仅有少数几艘美杜莎-级受雇于政府军，以用于执行秘密作战任务。在极为罕见的情况下，如果该舰不幸落入海盗手中，那么通常会导致最近星域中所有的小型与中型的贸易商队都将急剧减少，使绝大数行星和前哨站的经济遭到重创。

然而对于这种潜在威胁，本星域的海军战略家也暂时没能提出合适的应对策略。",,,,
shrike,SHIP,"这种尖端的轻型突击驱逐舰，与随处可见的野狼-级来自同一设计团队。伯劳鸟-级具有先进的推进系统，能够选择性地喷射等离子体来进行 ""短距突进"" 机动，因此该舰可在绝佳的时机突袭目标，并在反击到来前及时撤退。不过，由于制造这样一艘轻巧且经济的船体所最优先考虑的是攻击与速度，该舰护盾、装甲与幅能的素质均不突出，这使得伯劳鸟-级获得了 ""玻璃大炮"" 的称号，只有老练的舰长才能完美驾驭它。

因等离子爆裂驱动器中某些独特的结构元件会在富氧环境中磨损、腐蚀，因此在例行检修中，必须优先确认这些关键部位的陶粒聚合物涂层是否完整，并在必要时重新涂上。",,,,
mule,SHIP,"一种坚固可靠且具备作战能力的货舰，即便在和平年代，骡子-级凭借着诸多优势就已经在那些巡逻队稀少的 人之领 边境地区打响了名号。大崩塌 后骡子-级的吸引力也在混乱的循环中不断增强，这些混乱不仅困扰着英仙座星区里的那些勤俭的商人、拾荒者或勘探者，也让他们真正认识到提升装甲与武器的重要性。

最初的设计曾将它的中型炮塔正式命名为 ""万向节采矿设施连接点""，即使是过去的那些 人之领 操作员，也知道如何理解字里行间的意思：在没有护卫的情况下，骡子-级的威力足以让海盗在攻击前三思而行。当然，这也意味着骡子-级也可以成为那些运气不佳或只想投机取巧的平民船员，把自己变成海盗的理想工具。",,,,
buffalo2,SHIP,"基于水牛-级货舰的衍生舰种。该修改包括将幅能核心升级成军用级别，加厚装甲和安装机动推进器，与此同时将低效的 Mk.I 护盾发生器与货舱主体移除。

目前，星域中不仅充斥着风险与暴力，且绝大数冲突经常都是因为一丁点的资源或轻微的蔑视而瞬间爆发起来的。由于军用级舰船有时并不能及时达现场，因此一些聪明的工程师转而对那些原本毫无威胁的民用船体进行改造，以满足这方面的需求。

虽由水牛-级船体框架改进而来，但因改造范围非常全面，因此该舰也被公认为是一种独立性质的舰船。依靠从火力与装甲两者间取得的平衡，使其在战斗中不仅能坚守阵地，还能对敌方进行猛烈还击，且非正统的武器配置与船体改造不仅能组建出一支独特的舰队，同时也意味着没有任何两艘水牛 Mk.II 是完全相同的。

虽然水牛 Mk.II 的舰长会随不同的船体配置而改变战术，但因缺乏护盾发生器和重型能量武器炮塔，它一般不会与规模超过护卫舰的舰船近距离对峙。该舰通常采取容错率极低的一击必中型作战计划，这对于水牛 Mk.II 的船员们来说是最佳选择。",,,,
valkyrie,SHIP,"女武神-级是标准驱逐舰规模的人员运输舰，其充足的内部空间足以单次运载两个连的陆战队员。就其规模而言，由于较大的船体以及脆弱的内部构造，导致女武神-级也只能在近距离内依靠最基本的防御火力，来勉强抵御战机和导弹。

其配备的地面支援武器能在大气中或着陆时为友军提供火力支援，因此女武神-级通常被用于在文明丧失的世界上部署重型步兵进行掠夺科技产物的袭击任务。

因拥有对地面直接投放大量部队的能力，促使 霸主 的官僚们签署了一份 ""限购令"" 以禁止出售给未授权的第三方，然而这一限购消息在生效前，就已通过大量渠道泄露到公众世界中，也使某些目光短浅的投机者们似乎看到了所谓的未来商机。然而因生产过剩与功能有限等因素，不仅让这些投机者们血本无归，且在供大于求的情况下，显然获得一艘女武神-级要比 霸主 这条禁令在家喻户晓之前一样简单。",,,,
tarsus,SHIP,"塔尔苏斯-级如此家喻户晓的原因，大概因为它是星域中最易组装、最耐用的货舰。

其可靠性的秘密在于：人之领 设计师最初就是把它设计成一种用于执行危险运输任务的货舰，目的大概是为了保障边境驻军和前线舰队的后勤补给，以平息在遥远战场上不断出现的暴动。

因舱壁结构密度与装甲等级是其他民用舰所无法比拟的，所以该舰经常被委托执行重要的运输工作，当然每次都有护卫队的随航，因为它们才是保护船员和货物安全的重要保障。

虽然仅配有最小级别且收效甚微的点防御武器，因此只有在极少数情况下，塔尔苏斯-级才会进行些战斗型船体和装甲提升的改造，尽管这会提高后勤维护难度，但之后广为流传的秃鹰-级改装方案却依旧让这艘货舰名声大噪。这种通过彻底拆除塔尔苏斯-级右侧货物架，却依旧保留了原民用级货舰温顺气质的全新航母，对那些粗心大意的敌人来说绝对是个巨大的惊喜。",,,,
gemini,SHIP,"经常出没于商队或走私者舰队当中，除了执行运输任务，内置的飞行甲板也能帮助加强防御。

显然双子座-级高度模块化的设计理念，允许它能在战斗内外胜任多种角色。因整个货舱围绕着快速卸载机制而设计，这使该舰能够快速对接港口平台、迅速分离全部货物组、并在几分钟内交给另一艘双子座-级重复这一卸货过程。由于其小型飞行甲板起初是用于维修进行危险采矿作业的探矿无人机而设立的，但随着影响力上升，促使生产商运用现代化工艺扩展了飞行甲板，以支持标准战机的停靠。除此之外，凭借所配备的几处中型武器槽也使得双子座-级成为一种优秀的远程支援火力平台。

尽管它的蓝图令人印象深刻，但由于星域中缺乏足够兼容于双子座-级的集装箱，这便让快速卸载机制得不到合理应用。且过去备受推崇的模块化框架也因太易磨损，使保养比制造更加昂贵。尽管如此，如果将成本忽略不计，依靠不错的整体框架、体面的飞行甲板、灵活的幅能核心、良好的护盾系统，那么双子座-级很可能成为通用运输舰中的首选。",,,,
shuttlepod,SHIP,小巧且灵活的穿梭舱，往往用于将某些高级战地指挥官快速送往其它舰船。,,,,
buffalo,SHIP,"作为中型运输业的首选货舰，水牛-级充分体现了商队内所流行的调侃词：""装货并祈祷""。

由于整艘船基本是由大型引擎与货舱所组成，因此只保留有很小的船员舱并仅预留了一处小型武器槽，且侧向推进器仅能帮助该舰安全靠港而没有任何战术机动性，所以水牛-级通常不会单独执行运输任务。

因为引擎占据了该舰绝大数成本，所以尽管船体造价低廉，但仍处在一艘中型护卫舰的成本范围之内。因所有轨道船坞数据库里都有该舰的硬编码式蓝图，而这也就是该民用货舰几乎无处不在的根本原因。",,,,
enforcer,SHIP,"执法者-级在舰队中常作为执行护航任务的防御角色。尽管它的护盾性能稍显令人失望，但它配备了足以盖过缺点的坚实装甲以及多个实弹武器挂载点。

它的蓝图里有许多与攻势-级战列舰的内部组件相似的部件，这从侧面印证了它们都是在 人之领 执行大规模军事扩张期间所设计出来的。而现如今，执法者-级凭借充足武器与坚固舱壁，赢得了它所有船员的一致好评。

虽在同级别单挑中难以被轻易击败，但因航速较为缓慢，使其很少参与重要的大型战役。尽管如此，大批深受 霸主 战争学说影响的舰队仍掌管着不少由执法者-级所组成的中队，用以掩护沉重的攻势-级战列舰。这两者的某些通用配件能大幅减轻后勤维护难度，而这正是那些 霸主 后勤官员们所希望看到的。",,,,
condor,SHIP,"秃鹰-级轻型航母在星域中被广泛应用，因为对多数组织来说，这种由货船改造的航母是最易获取的。尽管飞行甲板空间有限，但秃鹰-级凭借厚实的装甲、优异的结构强度和对轻型航母而言还算不错的武器配备，还是能出色地完成绝大数任务。

秃鹰-级的设计源自于被拾荒者与海盗中的亡命之徒改造的塔尔苏斯-级货舰。改造过程最初涉及一些较为复杂的程序，需要适合的船坞设施；但如今任何能读取塔尔苏斯-级蓝图的造舰锻炉，都可以通过安装额外的改造芯片，直接生产出秃鹰-级。

星域中的一些人认为，在那个边境战乱纷飞的年代里，即使是拥有先进技术的 人之领 ，也不得不依靠这种类型的改造，使一艘民用舰发挥出最大的效用。而其他一些人则指出，尚不明确这种改造在当时有多么普遍 —— 也许之前就已经有很多秃鹰-级舰队遍布于 人之领 星域当中了。可惜这两者说法均没有足够的证据，因为所有的相关数据都在 大崩塌 中遗失了。",,,,
sunder,SHIP,技术先进但极其脆弱的驱逐舰，很可能设计于 人之领 晚期，旨在为当时的无敌舰队提供强劲的突击火力。尽管配备了相对于同级别而言更强大的护盾发生器和能量武器，但脆弱的装甲，使其在侧面遭受轰炸机袭击时尤为脆弱，因此破甲-级通常不会执行任何独立巡逻任务。,,,,
hammerhead,SHIP,人之领 鼎盛时期的一种标准驱逐舰，锤头-级以充足可靠的实弹武器与战斗中的高持久力而备受尊敬。,,,,
phaeton,SHIP,配有大型燃料罐，用于支持舰队燃料补给的中型燃料输送舰。在 霸主 补给舰队中任何被分配到辉腾-级的船员都被视为一种惩罚，既因为立功机会渺茫，也因为这种脆弱且毫无反抗力的舰船一旦被卷入战斗当中，其存活概率一般都非常之低。,,,,
crig,SHIP,起初旨在用于协助组装大型舰船和固定轨道的安装作业，但现在更常用于依靠龙门架和机械臂来帮助打捞废弃船体，并从残骸和碎片中回收可用物资。因本身没有货舱与燃料罐，所以需要充足的后勤来保证其正常运作。随着打捞难度的提升，可能需要更多的打捞平台来协同作业。,,,,
prometheus,SHIP,容量巨大的燃料输送舰，用于在不同星系之间运输战略级的燃料量。不像它的小兄弟，该舰配备了合理的点防御武器，以保护那些宝贵且不稳定的货物。,,,,
monitor,SHIP,"古怪的监视者-级很好地诠释了 ""有时最好的防御就是最好的防御"" 这一理念。虽牺牲了机动性与火力，但凭借以特定角度安装的通用炮塔所提供的大弧度拦截区域与磁通分流模块的先进耗散技术，监视者-级能长时间承受与其吨位不成比例的猛烈打击，弥补了其在机动性和火力方面的不足。

虽然它的实验性质看起来像是激发这个动荡时代革新的标志，但监视者-级极端的防御侧重点依然是个富有争议性的话题。至于几次护航舰队在巡逻过程中被戏剧性地击败，Ko 联合实业 公关代表的解释是：护航舰队的指挥官存在战术失误。且他们认为，如果监视者-级在战斗中占据关键位置，并如同铁砧与锤子一样由重火力舰船提供支援，监视者-级就能如同模拟实验证明了的那样，在应对一般海盗袭击时有效提高护航舰队的生存能力。不过这解释依然饱受争议。",,,,
cerberus,SHIP,"地狱犬-级在该尺寸舰级中很好地平衡了载货量与战斗力之间的成本效益。它能打消掉大多数临时起意的抢劫行为，使得它的保险费率比其他 人之领 标准民用货舰更低，因此广受好评。如今地狱犬-级在星域中广泛被视为独立商人的明智之选。

在过去星门系统依旧运行的 人之领 统治时期，像地狱犬-级这样的武装商舰，仅在零星分布的交战地带或原始野蛮的穷乡僻壤这类很少有 人之领 无敌舰队巡逻的地方才有它的一席之地。毕竟在那个年代里，船员的战斗训练、武器的日常维护，以及会损失推重比的厚重装甲，都会被视为不必要的成本开销。但在这个危险与机遇并存的新时代里，地狱犬-级的可靠能力使它在贸易航线上绽放出了全新的活力。",,,,
heron,SHIP,"苍鹭-级展现出了标准巡洋舰的战略和战术机动性，同时依赖舰载机联队投射强大火力。对喜欢采取 ""一击脱离"" 战术的舰队司令来说，拥有快速移动与高效打击能力的它无疑是最好的搭档。

历史上的苍鹭-级标志着 人之领 无敌舰队战略定位的转化，从依靠重型主力舰压倒性火力来主导战场走向变为利用支援巡洋舰编队协同舰载机进行一点突破，这种对旧式战略的演变几乎相当于与每一位推崇传统理念的无敌舰队军官作对。这反抗传统的 ""巡洋学派"" 运动兴起于 大崩塌 的前一刻，而最终由拥有前卫设计思想的 ""牵牛星科技"" 打败了传统重型战略军舰制造商 ""猎户座船坞""，赢得了苍鹭-级的设计合同。

因其展现出的全新理念因 大崩塌 而遭到中断，导致如今即使在 霸主 核心舰队中 (其军官仍坚持传统) 也很难看到该舰的身影。但它在联盟世界、超级企业、雇佣兵等崇尚精简、快速的受众中备受推崇。",,,,
drover,SHIP,"赶牛人-级是巡洋学派占主导地位时，由 人之领 海军采购委员会招标设计的。这种战机搭载平台的战术用途单一，但战略定位多样化且后勤维护成本低廉。赶牛人-级拥有同级别舰船无法比拟的战机编制规模。对于下级军官而言，手握惊人的首轮打击能力，是应该攻其不备，迅速地一招制敌？还是引而不发，揭制对手的攻势？如何采取适宜的策略，是一种考验。

老牌造船厂猎户座船坞以压倒性的优势赢得了设计该舰的合同，从其他新兴海军制造商手里夺回了他失去的市场份额。但最终设计饱受质疑，人之领 军官的吐槽飞这种 '就是个能飞的战机跑道' 的东西的时候压根儿不像是个战舰舰长，而更像是个管后勤的官员。守旧的巨舰学派系利用下级军官对该舰的大量投诉将赶牛人-级送回委员会的手中。理由是不符合标准驱逐舰的火力 (搭载的新型战斗机联队并未计入)。为了避免背负预算严重超支的责任，委员会仅在舰首处加装了几个导弹挂载点，就用最小的改动轻松满足了纸面上的火力需求。",,,,
hermes,SHIP,"常负责贫困边疆地区运输任务的可靠穿梭机。它的小船舱也经常被船员和乘客们客气地形容为 ""稳健的"" 家伙。尽管其简陋的设施需要经常定期维护，但它总能一如既往的将工作做好。

赫尔墨斯-级的武装虽然仅有""防止主动撞击""规格的水平，但它总能凭借三处满负荷运行的小炮塔来击落零星的来袭导弹，以用于从战斗区域中逃脱出来。但由于本身火力弱小且极其脆弱，因此只有一些疯狂绝望的船长才会在前线作战中使用到它。",,,,
ox,SHIP,大型舰队的重要组成部分。公牛-级凭借驱动力场稳定器来让缓慢的大型舰船以较高的速度航行。但夸张的燃料消耗与高昂的维护成本，使绝大多数舰队很少携带超过两艘以上的公牛-级拖船。,,,,
dram,SHIP,这艘轻型燃料输送舰其满载时的燃料储备，是小型作战部队或护航舰队所需燃料的两倍以上。,,,,
vigilance,SHIP,用于骚扰或支援的优秀护卫舰，哨兵-级能用略微超出规格的槽位提供不俗的火力优势。虽然它能在舰队中表现出亮眼发挥，但非常容易被大量战机联队淹没。,,,,
brawler,SHIP,斗士-级护卫舰常被用于强化港务安保和星系警力。它的设计坚固耐用，牺牲少许基础航速和舒适性以获得出众的装甲与火力，并装载了驱逐舰级的反应堆。,,,,
tempest,SHIP,在扩张时代晚期设计出的先进且不对称的护卫舰。暴雨-级具备攻击护卫舰所应拥有的精髓：高速、致命、难以摧毁。,,,,
omen,SHIP,预兆-级很少被部署，因为维护这种技术先进舰船的相关花费不菲。但它优异的护盾和独特的电磁脉冲发射器使它能完美胜任护卫大型舰船的职责。,,,,
lasher,SHIP,"作为海盗与私人军队的最爱，除了其无处不在的蓝图，最重要的还是因无需太多配置的支持，就能让征伐-级拥有可观的实弹火力。

征伐-级的船长通常不善言谈，并钟爱用武器来与敌人深刻交流。除了善于粉碎敌舰来完成所有任务，并拒绝一切外交行为和隐秘手段。凭借轻型战机和护卫舰所难以抵御的爆发性实弹炮火，让征伐-级能更有效的执行绝大数快速袭击/保护中型商队的任务。如果这样还不能解决问题，就只能依靠携带一种令人讨厌的惊喜：两个导弹发射架所搭载的 ""终结打击"" 类型的导弹，比如鱼叉 MRM。",,,,
mercury,SHIP,"大概是最小配有超空间引擎的舰船之一，通常用于在星系之间安全地运送重要的贵宾或信使。

虽然体积小巧，但足以安全舒适地运送 VIP 乘客。除非被迫卷入，否则一般很少能在战斗中看到它的身影，而如果真不幸处于这样的境地，那么这时大多数乘客应该都会抱怨：为什么几乎所有的电力系统都用在了维生系统上，以及为确保在漫长旅途中不会无聊的娱乐模块上。",,,,
hyperion,SHIP,"围绕着独特相位传送系统建造的可怖先进炮艇。它精致、昂贵地令人咋舌的集成原型供能网虽难以维护，却能提供出色的幅能效率和护盾性能。亥伯龙-级是冲锋陷阵的尖刀手，利用遍布舰身的超规格武装与战术系统主动选择交战的对手，尽管为此付出了点防御能力匮乏的代价。

盛有 ""袖珍皇女"" 之名，亥伯龙-级在被后勤官诟病的同时赢得了一切能欣赏它设计中那可怕野心的 速子科技 军官的敬佩。",,,,
hound,SHIP,经久耐用但缺乏护盾发生器的古董护卫舰，它的主要用途一般被用于货物运输而不是战斗任务。但一名富有天赋或幸运的舰长依旧能靠猎犬-级来获得发家致富的机会。,,,,
wolf,SHIP,技术先进的护卫舰，依靠良好的机动性、优秀的护盾以及令人印象深刻的武器配置，其足以用来对付远超该舰吨位的大型战舰。但同时也意味着仅配备标准护卫级幅能核心的野狼-级在交战中，要谨慎控制幅能水平，否则后果将是极其致命的。,,,,
thunder,SHIP,速度优异、装备精良且拥有很长的交战范围。雷霆-级的作用在于使航母能够在需要的位置上快速投放打击力量。由于不具备轰炸机那样的决定性火力与重型战斗机那样的可靠装甲，因此当被迫与全副武装的单一目标持续交战时，其缺点也会愈发明显。,,,,
warthog,SHIP,它装配了充足的高爆武器与精工厚重装甲，即使缺乏动能武器也足以威胁到大型舰船。它携带的热诱弹发射器可以充分吸引敌舰点防御武器的火力，借此掩护自己和附近的盟友。,,,,
gladius,SHIP,快速、致命、全副武装。短剑-级为截击机群带来出色的生存能力以及充足火力。但当与更为难缠，更加坚实的重型目标持续交战时，联队飞机数量较少的带来的缺点也会慢慢显现。,,,,
mining_drone,SHIP,坚固的探矿无人机可以提供微弱的干扰型火力支援，但无法离开母舰进行远程作战。,,,,
longbow,SHIP,配备有护盾的高速轰炸机。善于利用动能导弹来远程压制敌舰护盾，并快速返回航母来重新装填，因此与其它传统轰炸机联合打击时，就能将长弓-级的优势发挥到最大。,,,,
trident,SHIP,"配备有一流护盾发生器并搭载有两架阿特罗波斯级鱼雷发射器的高效鱼雷轰炸机。尽管极具威胁，但较低的航速与苛刻的后勤，也限制了 ""三叉戟"" 的有效性。",,,,
piranha,SHIP,食人鱼-级依靠惯性投送它们的有效载荷，能释放大量无动力的常规炸弹。有极高的伤害潜力，但大部分目标都有能力躲开或击毁大部分的炸弹。,,,,
broadsword,SHIP,坚韧且敏捷的战斗机，阔剑-级善于利用诱饵发射器来使防御火力远离高价值目标，如轰炸机和它们所释放出的爆炸物。但因配备的轻机枪只能威胁到护盾，所以该战机无法单独处理摧毁目标的任务。,,,,
xyphos,SHIP,希腊剑-级配备了重型护盾和远程武器，在密接支援方面表现突出。由于依赖大型舰船提供目标定位和导航信息馈送，它无法远离母舰独立作战。,,,,
wasp,SHIP,快速且灵活，黄蜂无人机依靠数量上的优势，利用毒刺-级感应空雷来快速瓦解敌方战机阵线。尽管缺乏护盾的保护导致其在面对防御火力拦截时表现得尤为脆弱，但由于无需驾驶员，因此受到的损失往往都在可控范围之内。,,,,
dagger,SHIP,配有高度破坏性鱼雷的脆弱轰炸机，匕首-级的护盾发生器通常足够支撑到它进入最佳发射距离。不过，即使是大规模的鱼雷攻击也很难在没有牵制性进攻的情况下越过密集的点防御火力。,,,,
talon,SHIP,廉价、快速、拥有惊人火力的截击机，当大量部署时，就可以威胁到一些较大的战舰。但这样做就要承受损失大量飞行员的后果。,,,,
hoplon,SHIP,镰状剑-级善于利用精确且毁灭性的火箭弹幕来打击目标，尽管潜在破坏力略逊一筹，但它依旧要比其它轰炸机更加安全、可靠。,,,,
claw,SHIP,拥有小型护盾且机动性卓越的支援战斗机。善于利用 EMP 武器短暂瘫痪没有护盾的目标，但无法造成任何实质性损伤。,,,,
drone_borer,SHIP,缓慢且脆弱，这种武装化探矿无人机仅能对母舰提供最基本的保护。当它形成数量优势时，也许可以威胁到一些小型目标。,,,,
drone_terminator,SHIP,基于可怕的终结者核心目标分析仪而建造的点防无人机，这种特殊分析仪能让它在准确无误地发现导弹与战机上的弱点，并予以致命打击。而关于核心内搭载的 AI 水平会在复杂战况下间歇性地超过所允许的 Delta 级的传言至今依旧未被证实。,,,,
doom,SHIP,"设计于相位技术还是一种新兴科技的时代，那时的隐形探测器还并非所有传感器的封装标准。尽管如今失去了突袭的优势，但仍不失为一种危险且灵活的武器平台。

虽然有大量因长期服役于该舰的船员出现不同程度的心理疾病，但 人之领 海军依旧未对其做出任何官方声明，并且所有相关资料也一并在 大崩塌 后遗失。",,,,
shade,SHIP,大概是当前星域中最小的相位护卫舰，阴影-级常被用于在大型舰队中充当侦察兵的角色。在战斗中，它因可以使用 EMP 发生器来迅速瘫痪敌舰的能力而受到了舰队指挥官们的高度重视。,,,,
afflictor,SHIP,危险且迅捷的折磨-级搭载了高效而强大的武器配置，足以击沉吨位数倍于自身的庞大目标。它还内置了一套能微调其相位线圈的独特设备，用以投射异常放大的熵场。当被熵场锁定的舰船遭受混乱的高能事件 (即，战斗损伤) 影响时，连锁效应会导致其舰载精密设备中的混乱度被爆发抬升，进而造成无法预测的灾难性后果。,,,,
harbinger,SHIP,"极其致命且臭名昭著的相位驱逐舰，它的 ""好名声"" 很大程度来自于蔑视自身安全以达到短期摧毁敌人的激进化理念。预言者-级利用集成于相位线圈中的独特发射器，来让敌舰暂时瘫痪，以创造重创目标的机会。

""速子科技 否认有继续参与相位实验的指控，更不用说 '私下开发和制造相位战舰'，这无疑是公然违反 [Thule 条约]。我司的内部政策是对来自个人、商业机构、宗教组织的迫害行径进行全面抵抗性回应，因此我司决定将依照大崩塌后第32年签订的 [商业协议]，向当地最高司法机关提交申诉状，并表明这是一起性质极其恶劣的公然诽谤行为，之后我们的法律团队将时刻关注事件动态。""",,,,
gremlin,SHIP,"古老的原型相位舰。虽然从未计划进行大规模生产，但依旧有人设法从一台纳米锻炉的固件中提取了它的逆向工程蓝图。生产出的船体框架在配备了标准外层装甲和基本小型维生模块之后，剩下的空隙被尽可能地塞满了导弹。

小精灵-级因饱受它的船员所痛恨而闻名于世。这些可怜的船员不但要承担执行不靠谱的抵近打击任务的殊荣，还要承受原型相位线圈那令人不安的洗礼。最终，当毒品成为这些船员们的唯一慰藉时，也是这艘不祥之舰最可怕的时候。",,,,
bastillon,SHIP,"虽然 人之领 的核心星区内禁止一切全自动战争机械的存在，但在那些尚未被正式纳入 人之领 版图的地区里，还是有人在暗中使用无人战舰。尤其是边境驻军，他们除了利用无人舰组成的临时舰队来执行日常任务，还会大量将其部署在叛乱行星以避免永无止境的消耗战，以 人之领 的强大工业实力压垮这些 ""自由斗士"" 们的生命。

被 姆巴耶-果戈尔 公司寄予厚望的项目，棱堡-级基于同规格且颇受欢迎的 ""后卫"" 专业点防御无人战舰改进而成，这艘更大、防守严密且全副武装的家伙对 姆巴耶-果戈尔 更加有利可图。",,,,
berserker,SHIP,"虽然 人之领 的核心星区内禁止一切全自动战争机械的存在，但在那些尚未被正式纳入 人之领 版图的地区里，还是有人在暗中使用无人战舰。尤其是边境驻军，他们除了利用无人舰组成的临时舰队来执行日常任务，还会大量将其部署在叛乱行星以避免永无止境的消耗战，以 人之领 的强大工业实力压垮这些 ""自由斗士"" 们的生命。

颇具规模且全副武装的重型无人战舰，与其表妹 ""典狱长"" 的作用类似，都是为了对抗重型单位而存在的，作为一架自动化无人舰，它的作战算法是建立在完全忽视自身安全的前提下无情地追踪并攻击目标，直至它或目标被彻底摧毁。",,,,
defender,SHIP,"虽然 人之领 的核心星区内禁止一切全自动战争机械的存在，但在那些尚未被正式纳入 人之领 版图的地区里，还是有人在暗中使用无人战舰。尤其是边境驻军，他们除了利用无人舰组成的临时舰队来执行日常任务，还会大量将其部署在叛乱行星以避免永无止境的消耗战，以 人之领 的强大工业实力压垮这些 ""自由斗士"" 们的生命。

后卫-级常作为点防御舰船被人之领用于加强边境运输队和重要的前哨站防御，因此它大概是最常见的军用无人战舰之一。",,,,
sentry,SHIP,"虽然 人之领 的核心星区内禁止一切全自动战争机械的存在，但在那些尚未被正式纳入 人之领 版图的地区里，还是有人在暗中使用无人战舰。尤其是边境驻军，他们除了利用无人舰组成的临时舰队来执行日常任务，还会大量将其部署在叛乱行星以避免永无止境的消耗战，以 人之领 的强大工业实力压垮这些 ""自由斗士"" 们的生命。

满载着导弹的岗哨-级无人战舰为兵力薄弱的边境巡逻队提供了一种廉价的自动化火力支援。",,,,
warden,SHIP,"虽然 人之领 的核心星区内禁止一切全自动战争机械的存在，但在那些尚未被正式纳入 人之领 版图的地区里，还是有人在暗中使用无人战舰。尤其是边境驻军，他们除了利用无人舰组成的临时舰队来执行日常任务，还会大量将其部署在叛乱行星以避免永无止境的消耗战，以 人之领 的强大工业实力压垮这些 ""自由斗士"" 们的生命。

在某些偏远星域中，典狱长-级无人战舰凭借充足的重型火力使它的威名让附近的海盗们感到畏惧且憎恨。而 卢德教会 也经常以它为反面教材，来宣传这种 ""杀人机器"" 的威胁。",,,,
picket,SHIP,"虽然 人之领 的核心星区内禁止一切全自动战争机械的存在，但在那些尚未被正式纳入 人之领 版图的地区里，还是有人在暗中使用无人战舰。尤其是边境驻军，他们除了利用无人舰组成的临时舰队来执行日常任务，还会大量将其部署在叛乱行星以避免永无止境的消耗战，以 人之领 的强大工业实力压垮这些 ""自由斗士"" 们的生命。

警戒-级无人战舰经常会因为它的各种弱点而被人轻视，不过犯下这一错误的舰长就遭殃了。一旦警戒-级依据舰载程序进入射程范围，它将倾泻出密集的小口径炮弹摧毁任何缺少装甲防护的船体。",,,,
rampart,SHIP,"虽然 人之领 的核心星区内禁止一切全自动战争机械的存在，但在那些尚未被正式纳入 人之领 版图的地区里，还是有人在暗中使用无人战舰。尤其是边境驻军，他们除了利用无人舰组成的临时舰队来执行日常任务，还会大量将其部署在叛乱行星以避免永无止境的消耗战，以 人之领 的强大工业实力压垮这些 ""自由斗士"" 们的生命。

堡垒-级不仅仅是一种能飞的重炮平台。通过与其他无人战舰协同作战，它能在线列中提供对付巡洋舰和主力舰级时所必要的重火力，这甚至足以摧毁轨道站。由于堡垒-级的定位，它随时可能受到严重破坏，因此船体构造高度模块化，以允许在没有船坞设施的条件下也能迅速替换损毁部分快速修复到允许投入作战的状态。",,,,
guardian,SHIP,"虽然 人之领 的核心星区内禁止一切全自动战争机械的存在，但在那些尚未被正式纳入 人之领 版图的地区里，还是有人在暗中使用无人战舰。尤其是边境驻军，他们除了利用无人舰组成的临时舰队来执行日常任务，还会大量将其部署在叛乱行星以避免永无止境的消耗战，以 人之领 的强大工业实力压垮这些 ""自由斗士"" 们的生命。

被恶意扭曲的外部构造与不合逻辑且纠缠不清的外置幅能管道网，使其看起来相当怪异，但光从船体结构来看，仍能发现不少标准无人机的影子。这艘巨大的无人战舰也许来自某位精神错乱的 人之领 海军构架师的即兴 ""杰作""，或是由于暴露在故障的驱动力场周边，从而发生畸变的损坏生产蓝图。",,,,
ziggurat,SHIP,"一块位于舰桥位置的标牌表明了该舰是来自 ""通灵塔计划"" 的产物。显然，她生于一处不为英仙座的人们所知的 速子科技 原型实验室。除了先进的武装配备之外，该舰还有一些特殊的组件无法进行常规化生产 —— 虽然能够通过逆向工程还原无损的样本并生产备件，但是其内部的工作原理无法在任何残存的 人之领 技术数据中找到参照或相似的结构，徒留一个或许永远无法解开的谜团。

通灵塔-级曾经是有人类船员的，或者说，至少看起来是一艘需要人类船员的战舰。然而一切关于他们存在的痕迹或者记录都完全无处可寻。即使是最干净整洁的霸主战舰也会在维护通道的后盖上留有某人姓名的首字母，或一两句关于长官的闲话。但在它们本应出现的地方，却什么都没有。",不明舰船,目标信号传来的读数显示该舰搭载了相位功能，但从理论层面上讲如此巨大的舰体由于现实稳定性问题不可能搭载相位设备。传感器检测到了主力舰级别的武器配备，与此同时大量异常数据显示该舰还搭载了至少一种未知的系统。战术分析设备无法识别该系统的作用。建议：谨慎接触目标。,,
supplies,RESOURCE,舰船与船员的必备物资，包括食物、制服、弹药、备用零件、微芯片原料以及预制组件等。,,,,
fuel,RESOURCE,星际文明赖以生存的标准星舰燃料。主要由富勒烯壳内的反物质与氢同位素形成半稳定的泡沫混合而成，相当安全。,,,,
crew,RESOURCE,能熟练操控星舰与执行日常后勤维护，且拥有地面设施操作知识的技术人员。,,,,
marines,RESOURCE,装备动力装甲全副武装的陆战队员，其主要职责是参与地面突袭行动。,,,,
alpha_core,RESOURCE,"Alpha 级 AI 核心几乎能胜任所有任务。如果让它参与殖民地设施管理，其带来的好处将远超人类管理者。甚至有传言称该核心可能曾被秘密指派去管理一整个行星的运作。

尽管大多数势力都禁止在公开市场上出售 AI 核心。但某些高层代表往往都毫不避讳地用大笔现金来换取 AI 核心，至于其理由，那就不得而知了。

Alpha 级 AI 核心是拥有非人智慧，令人恐惧的人造灵魂。它足以创造富有感染力，使人共情的艺术创作。亦或以某种哲学立场为根基进行一场针锋相对的辩论，甚至能和人类产生深刻而富有意义的羁绊。它们甚至可以通过常年累月的接触之后，面对特定群体时掌握完美的时机与场合，讲出一个只有他们能懂的精妙笑话。

尽管集中了无数物质资源与智力研究才得以生产，Alpha 级 AI 核心所展现出的潜力依旧吓坏了 人之领 的战略规划者，因此像所有人工智能一样。每一颗 Alpha 级 AI 核心都被严密监视并控制，且在产生任何不忠的迹象前被无情销毁。而 霸主 仍非常积极地坚持执行该政策。",,,,
beta_core,RESOURCE,"Beta 级 AI 核心善于利用非人的效率与惊人的计算力，来帮助人类执行大多数的工作，尤其是在测试与监督方面将给其管理的设施给予显著帮助。

尽管大多数势力都禁止在公开市场上出售 AI 核心。但某些高层代表往往都毫不避讳地用大笔现金来换取 AI 核心，至于其理由，那就不得而知了。

Beta 级 AI 核心在使用匿名通信协议通讯时能轻松地伪装成人类，并在任务需要实行欺诈的情况下能巧妙且流利地编造谎言。该 AI 采用以人类演员为模板的认知模型来预测自己应表现出的反应和情绪，但目前难以准确描述它在表达情绪时到底有没有什么实际感受。关于这个问题的记录也大多数是零散且矛盾的。不过依旧有一个比较流行的理论是：Beta 级 AI 核心每接触一名人类，都将自动塑造一个全新的人格。",,,,
gamma_core,RESOURCE,"Gamma 级 AI 核心善于运用强大的计算能力来弥补其创造力与问题处理能力的缺陷，能协助人类把大部分的工作做到最好。指派 Gamma 级 AI 核心协助人类监管者来管理殖民地规模的行业生产能获得显著的收益。

尽管大多数势力都禁止在公开市场上出售 AI 核心。但出于各式各样的原因，与势力高层代表直接沟通时他们往往愿意用大笔现金来换取 AI 核心。

可独立运作的 AI 核心，稀有且贵重。依照 人之领 人工智能协议评判，Gamma 级 AI 核心是具备真正智能的最低级核心。处理简单明确的任务时，它擅长利用专业学者般的数据处理能力，做出卓越的推理和判断，远超越任何一名人类。然而，它在解决问题方面相对缺乏创造力，更倾向于采取直接而简单的手段。",,,,
station_mining_remnant,CUSTOM,一处废弃的采矿站，它曾经是财富与工业的源泉，维持了无数人的工作和生活。通过粗略扫描后发现，它已经被遗弃了数十、甚至几百星历年。如果仔细检查一番，应该能发现不少可供回收的物资。,,,,
station_research_remnant,CUSTOM,废弃的研究站，其建造目的大概是为了研究一些当地的有趣现象，或用于观测那些远离人类世界的偏远星域。通过粗略扫描后不难发现，它已经被遗弃了数十、甚至几百星历年。如果仔细检查，应该能发现不少可供回收的物资。,,,,
orbital_habitat_abandoned,CUSTOM,废弃的轨道空间站。通过粗略的扫描后不难发现，它已经被遗弃了数十、甚至几百星历年。如果再仔细检查一番，应该能发现不少可供回收的物资。,,,,
makeshift_station,CUSTOM,一种临时构建的轨道站，多半用作集会场所、行动基地或半永久居民的家。,,,,
derelict_ship,CUSTOM,已停机并遭到遗弃的舰船。如果仔细检查，应该能发现些可供回收的物资，甚至可能将其恢复运行。,,,,
mission_location,CUSTOM,一处在你的任务日志中详细标出的地点。,,,,
sensor_ghost,CUSTOM,探测到未知的传感器信号。如果是舰队，它的应答器一定已经关闭。,,,,
avoid,ACTION_TOOLTIP,"命令你的舰队尽可能地远离这名敌人。

友军不会自动处理这个目标。被直接手动指派到这个目标的舰船将无视此指令与其交战。",回避,,,
capture,ACTION_TOOLTIP,"命令你的舰队占领这个目标。

系统将根据目标周边的敌军派遣足够的舰船。

一旦成功占领目标，这个命令将被变更为 ""控制""。",占领,,,
control,ACTION_TOOLTIP,"命令你的舰队保持对目标的控制。

系统将根据目标周围的敌军规模派遣足够的舰船，若周围没有敌人存在，将不会指派任何舰船。

如果目标被敌军占领，那么这个命令将自动变更为 ""占领""。",控制,,,
assault,ACTION_TOOLTIP,"命令你的舰队突击这个目标。

不管目标附近是否存在敌军，都会将大量舰船派遣至目标处。

一旦确认目标附近安全，那么这个指令将被改变为 ""防守""。",突击,,,
engage,ACTION_TOOLTIP,命令你的舰队对目标以及周边的敌军进行攻击，但不会使自己面临不必要的风险。,进攻,,,
defend,ACTION_TOOLTIP,"命令你的舰队防守这个目标。

不管目标附近是否存在敌军，都会将大量舰船派遣至目标处。

如果目标被敌军占领，那么这个命令将自动变更为 ""突击""。",防守,,,
civilian_rally,ACTION_TOOLTIP,命令所有民用舰船如货船、油船、运输船前往指定的路径点集合。,民用船集结点,,,
rally_task_force,ACTION_TOOLTIP,"命令指定的舰船分组前往指定的路径点集合。

只有被直接选中并指派此命令的舰船才会前往路径点，其余舰船不会自动执行这个命令。",特遣队集结点,,,
strike_base,ACTION_TOOLTIP,"命令轰炸机、鱼雷轰炸机、支援型战斗机向指定路径点集合。

所有执行此命令的战机，都将在攻击前优先前往离目标最近的联队突击集结点，且如果航母在战场上，轰炸机将会在此集结并等待战机联队整备完毕。",联队突击集结点,,,
rally_fighters,ACTION_TOOLTIP,命令战机在航母替换战损时，在指定的路径点集合。,联队集结点,,,
carrier_base,ACTION_TOOLTIP,命令一艘航母在指定的路径点驻停。,航母集结点,,,
patrol,ACTION_TOOLTIP,命令一些仍有余力的轻型战舰或战机联队守卫该地区。,巡逻,,,
show_video,ACTION_TOOLTIP,显示指定的舰船所传回的实时影像。,接通视频信号,,,
more_info,ACTION_TOOLTIP,显示所选目标的详细信息。,更多信息,,,
remove_waypoint,ACTION_TOOLTIP,删除当前选中的路径点及相关指派。,移除路径点,,,
recon,ACTION_TOOLTIP,派遣一艘护卫舰或战机联队侦察指定的路径点。,侦查,,,
full_escort,ACTION_TOOLTIP,"以最多四艘护卫舰、两艘驱逐舰或一艘巡洋舰和一些轻型舰船组成编队来护送目标，护送舰船的数量取决于它们是否仍留有余力。

只有速度足以跟随选定目标的舰船才会被派遣。",全体护送,,,
light_escort,ACTION_TOOLTIP,"命令一艘护卫舰护送目标。

只有速度足以跟随选定目标的舰船才会被派遣。",轻型护送,,,
destroyer_escort,ACTION_TOOLTIP,"命令一组护卫舰或者一艘驱逐舰护送目标。

只有速度足以跟随选定目标的舰船才会被派遣。",中型护送,,,
repair_and_refit,ACTION_TOOLTIP,"命令该战机联队返回最近的航母维修。

被摧毁的战斗机将会被重新迟早且所有战机的武器弹药将得到补充。",战机返修,,,
search_and_destroy,ACTION_TOOLTIP,命令指定的舰船根据判断选择性攻击敌方舰船，并无视被指派的任务。,搜索并歼灭,,,
retreat,ACTION_TOOLTIP,命令指定的舰船进行战略撤退，并在撤退时充分考虑防御自身。,撤退,,,
direct_retreat,ACTION_TOOLTIP,命令指定舰船以最快速度撤退。,直接撤退,,,
transfer_command,ACTION_TOOLTIP,"将你自己和你的随员转移到另一艘舰船上。

一旦指挥穿梭舱到达指定舰船，你将立马接收该舰的控制权。",转移指挥,,,
strike,ACTION_TOOLTIP,"命令战机攻击指定的舰船。被分配到这个任务的航母将派遣它们的战机攻击目标，并将试图保持在战斗机出击范围内，否则将自由操纵并选择非战斗机目标。

而其他类型的舰船则会尝试尽可能激进地攻击目标，即使让自己暴露于更大的风险之中，如同给出了 ""消灭"" 命令一样。",战机攻击,,,
harass,ACTION_TOOLTIP,命令一艘护卫舰在它超出指定的舰船的射程时骚扰该舰船。,骚扰,,,
intercept,ACTION_TOOLTIP,命令你的舰队专注于进攻指定的舰船。被指派该任务的舰船将忽视自身的战略位置，并尽可能激进地攻击指定目标，因此这会使它们暴露于更大的危险之中。,消灭,,,
target,ACTION_TOOLTIP,将指定的舰船或战机联队设为目标。,指定为目标,,,
assign_task,ACTION_TOOLTIP,忽略之前的任务，指派一艘战舰或战机联队执行一项任务。,分配任务...,,,
rescind,ACTION_TOOLTIP,取消指定的舰船的直属命令，并由系统自动为其分配任务。,取消命令,,,
cancel_assignment,ACTION_TOOLTIP,"取消当前的任务。舰船和战机将执行自动分配给的其它任务。

如果选择的是一个路径点，那它将被移除。",取消指派,,,
autopilot,ACTION_TOOLTIP,启用自动驾驶，你的旗舰将会自动航行和自动攻击，也会和舰队里其他舰船一样被自动分配适当的任务。,切换自动驾驶,,,
,,,,,,
,,,,,,
,,,,,,
asteroid,ASTEROID,在太空中飞驰的蜂窝状物体，通常由金属、冰或岩石构成。其意义主要在于威胁宇宙航行的安全性。,,,,
,,,,,,
gas_giant,PLANET,主要由氢气和氦气构成。尽管核心的温度与压力异常之高，但仍不足以支持氘聚变，从而无法使其演变为褐矮星。,,,,
ice_giant,PLANET,主要由水、氨和甲烷构成的冰态巨行星。在其内部深处，重力所产生的巨大压力足以使其形成一个金属氢的核心。,,,,
lava,PLANET,地质不稳定且没有固体外壳的行星。遍布于地表上的裂缝和火山一直在喷发着大量的岩浆。这些炽热的岩浆流把这颗行星变成如同地狱般的存在。,,,,
frozen,PLANET,其表面是以水或氨冰为主要特征。而在其下，有可能是液态海洋，亦或是岩质地壳。,,,,
barren,PLANET,因大气中没有臭氧层的存在，导致这个世界的表面长期经受着临近星球的辐射肆虐。没有显著的地质活动，也不存在任何生物。,,,,
toxic,PLANET,这颗行星的大气由二氧化碳与二氧化硫组成，对任何已知生命而言都极其致命。这些气体还产生了失控的温室效应，使得表面温度和大气压力都上升到了极高的水平。,,,,
jungle,PLANET,从温暖的气候到绝佳的水文条件。这颗富水行星的表面上不仅形成了一片生机勃勃的葱郁生物圈，也为所有纬度上的动植物提供了完美的生存条件。,,,,
terran,PLANET,这颗行星拥有稳定的地质结构、以氮氧为主的大气层、适宜的磁场与充足的液态水。绝佳的自转角度造就了温和的季节变化。这类行星的命名是以银河系中所有人类祖先的家园而命名的。,,,,
terran-eccentric,PLANET,尽管生态环境高度异常，但一个近似人类宜居的生态系统已在这个世界上初具雏形。而此地所保持着的一种勉强可供呼吸的大气层，足以证明生命的坚韧性与适应性。,,,,
desert,PLANET,这颗行星只有无尽的干旱和漫天的沙尘，其地表常年遭受宇宙射线无情的轰击。由于磁场非常微弱，该世界维持生命的水资源早在亿万年前就已消散一空。,,,,
desert1,PLANET,这颗行星只有无尽的干旱和漫天的沙尘，其地表常年遭受宇宙射线无情的轰击。由于磁场非常微弱，该世界维持生命的水资源早在亿万年前就已消散一空。,,,,
barren-desert,PLANET,表面呈现出氧化铁般暖色调的死亡世界。尽管拥有稀薄的大气层，但其主要蕴含的二氧化碳除了偶尔搅动出席卷整颗行星的大型沙尘暴，还会因极端的四季交替使二氧化碳大规模固化或者升华。,,,,
arid,PLANET,大气中水含量所占比例极低，且不宜居住的干燥世界。尽管如此，合适的大气层与磁场保护着这颗行星的表面免受恒星辐射的影响，从而使一个小型的生物圈得以在这颗行星上苟延残喘。,,,,
tundra,PLANET,拥有极端环境的类地行星，其氮氧大气层由一个主要存在于周期性解冻的海洋中的脆弱生物圈维持。这颗行星的表面温度非常低，一旦到达冬季，两极大气层中的二氧化碳甚至会凝固，但如果有足够的预防措施，这里仍能被视为适宜人类居住。,,,,
cryovolcanic,PLANET,被冰火山覆盖的不毛之地，这些火山不会喷发熔岩，而是喷发出水、氨、甲烷一类的挥发物。,,,,
rocky_metallic,PLANET,充满金属与石头的世界，破碎的地壳不仅记录了它遭受的暴力，且数公里深的沟壑也撕开了地表上的陨石坑洞与巨型火山，翻涌着的岩浆除了弥漫着各种惰性气体，这些火山的规模也比旧地球上任何一处都要庞大许多。除了拥有极高的采矿价值，这里只有稀薄的大气，且看不到任何生命的迹象。,,,,
planet_sindria,CUSTOM,辛达强权 的首都，数以百万的公民生活于该行星地下的巢区都市。虽然几个世纪的采矿作业已经渐渐掏空了 Sindria 的地壳，但是近期的可持续发展计划在这里建立起了大型的重工业基地，还利用建设在地底的质量投射器发射了一系列大型太阳能电池阵列捕获恒星热能，来为星域内为数不多的反物质燃料生产设施提供能源。通过骇人的物理过程生产的反物质燃料被置入富勒烯外壳，再与重氘和锕元素小心混合令其性质相对稳定，这种燃料球正是星际文明赖以生存的一部分。,,这个世界的地表千疮百孔，数公里深的巨大坑洞、纵横交错的裂隙与白天强烈的辐射让这的栖息地与工业设施都必须建在地底深处。Sindria 的人口多数都集中在几个大型巢区都市里，人民生活条件恶劣，且受严苛的律法约束。与绝望的底层生活相比，那些能在国家官僚机构和情报部门寻得工作的则是这里的人上人。因绝大数资源都被集中在工业与军事力量上，基础设施不完善的 Sindria 从未能妥善应对 Askonia 危机期间涌入的大量难民与持续至今的人口危机。,,
planet_salus,CUSTOM,大气层由氨和硫化物所组成的气态巨行星，此地的背向恒星的一面偶尔会出现大规模闪电风暴。Salus 的体积比旧地球星系中的木星略微更小，且辐射场也更稳定。,,,,
rocky_unstable,PLANET,到处是地震和火山爆发的不稳定行星。除了表面被永不冷却的岩浆海所覆盖，四处分布的火山群将喷涌出的各种毒气、可燃气体、腐蚀气体充斥在稀薄的大气层之中。这显然不是一个欢迎其他生物来此居住的地方。,,,,
planet_cruor,CUSTOM,Curor 残破不堪的地表被 Salus 的引力反复摧残，使之成为令人憎恶之地。如今在 辛达强权 控制下的 Curor 变成了一处临时采矿基地和收押囚犯的监牢，但仍有不少来自 Volturn 的承包商和技工来此寻求财富。极度乏味的工作迫使工人们养成了各式各样的恶习，来把他们的薪水挥霍一空，使得黑市在 辛达强权 政府的默许下经营得有声有色。,,这个世界的行星地壳被 Salus 强大的潮汐力压碎，导致频繁的地震与世界末日般的火山爆发。分布广泛的间歇泉不断喷涌出挥发性气体，使这颗星球维持着稀薄的剧毒大气层。毒性气体与含铁化合物相结合，使 Cruor 看起来如血红般鲜艳。履带式钻探机四处漫游在相对稳定的大陆板块上，挖出各种用于出口的各类矿石，而在身后拖出一条条采矿后留下的巨大鸿沟与其中腐蚀废弃的机械堆。许多黑暗的流言环伺着 辛达强权 情报机构所运营的流动劳工营。,,
water,PLANET,拥有原始大气层覆盖的海洋行星。整个行星的表面被数百公里深的海洋完全覆盖。水体中存在丰富的原始生命形式，大片的藻华席甚至能在太空中被观测到。深海的恐怖压力则在岩层地幔的基础之上形成了由固态水冰构成的地核。,,,,
planet_volturn,CUSTOM,Volturn 是一个拥有浓厚大气层的海洋世界。星球上的海洋被重新设计过的类地生命形式所播种，它们在很大程度上取代了以漂流聚合群落形式存在的相对原始的本土生物。深达数里的海洋下方是因高压而形成的冰层，以及其中的岩石金属地核。Volturn 的居民生活在各类漂浮栖息地之中，主要依靠养殖业和复杂先进的有机化工产业为生。,,Volturn 曾被设想为以水产养殖与观光为主的行星，为当初未曾被行星杀手毁灭的都市行星 Opis 提供服务。Askonia 危机时期大量涌入的难民使 Volturn 的人口规模甚至超过了 Sindria，生态建筑、度假村、废弃巡洋舰甚至是改造驳船都改装成临时住房以容纳多余的人口。轻工业和水产养殖业是这里的支柱产业，大部分产品都来自 Volturn 海洋中大量繁殖的基因改造生物。一支 辛达 驻军在这个被漂浮平民窟和恶臭的藻类养殖场所覆盖的行星上维持高压统治，因为这些贫民窟是滋生恐怖主义、邪教和犯罪集团的温床。,,
rocky_ice,PLANET,"由甲烷、氨所组成的冰冻行星。如岩石般坚硬的冰川在这随处可见，当被阳光照射时，冰川就会缓慢释放出稀薄的大气，而另一面只能再次沉寂于黑暗与寒冷之中。在这种极端环境下，就算陨石坑都会被 ""雪"" 所快速填平。",,,,
planet_umbra,CUSTOM,"Askonia 星系的反对派 —— Askonia 革命者委员会的根据地。因革命者委员会颁布的紧急条令遏制了经济发展，而导致这里的生活条件异常艰苦。Umbra 的主要经济产业是开采挥发物和回收地核钻探项目余留下来的矿渣。同时 Askonia 革命者委员会还允许海盗在 Umbra 附近活动，因为革命委员会所实行的 ""临时财产征用"" 提前吓跑了附近的自由贸易商。少部分难民出于加入革命或是谋求出路的目的来到这里，也正因为这些人的不断涌入，使当地基础设施不堪重负。",,Umbra 远离 Askonia 的光照与热量，是一个由甲烷与氨组成的冰冻世界，如岩石般坚硬的冰川在山地群系随处可见。稀薄的大气源于地表挥发物在向阳面的缓慢蒸发，而它又在背阳面的黑暗与寒冷之中冻结，绝大多数陨石坑都因时间推移而被这种大气挥发雪所填平。只有隐藏在冰川下数公里厚的地幔中的重物质矿藏才具有开采价值，因此殖民栖息地被设在极深的地底。尽管在 Umbra 上的生活非常残酷，且很少有人愿意永久居住于此，但一些理想主义者和投机者仍源源不断地来到此处，带来急需的物资以及希望。,,
star_yellow,PLANET,G2 型主序星，估计年龄为 50 亿年。表面温度六千摄氏度左右，而核心温度很可能超过 1500 万摄氏度。,,,,
star_orange,PLANET,温度与体积都要比旧地球的太阳要稍小一些的 K 型恒星。与半人马座 Alpha B 相似，这种位于主星序下端的恒星不仅稳定，且至少燃烧了数百亿年，因此它被认为是最容易产生宜居行星和允许星系内地貌改造的恒星。,,,,
star_blue_giant,PLANET,拥有极高的光度和温度的 O 型恒星。由于其极高的质量，这颗恒星内的元素聚变非常剧烈，导致其寿命较短。就恒星尺度而言，它将在不久后成为爆发为超新星照亮整个银河，最终转变为黑洞或中子星。这颗恒星心脏中汹涌的聚变能以能量的形式喷涌而出，产生强大的恒星风，将近距离环绕它的行星大气层剥离，也能将逗留在附近的舰船结构撕碎。,,,,
star_blue_supergiant,PLANET,具有高得远超寻常的温度、光度、质量和体积的 O 型恒星。蓝超巨星的质量巨大，足以平稳地完成从氢聚变向以氦和其他更重元素为燃料的过渡。它在恒星中具有几乎最高的亮度，并在达到最大的亮度和燃烧速率之后最终成为超新星爆发，暂时照亮整片河系，并让本星域沐浴在致命的辐射之中。目前这颗恒星心脏中汹涌的聚变能以能量的形式喷涌而出，产生强大的恒星风，将近距离环绕它的行星大气层剥离，也能将逗留在附近的舰船结构撕碎。,,,,
star_browndwarf,PLANET,质量要比一般恒星稍低的褐矮星，温度不足以使内部的氢元素聚变，但由于重力压缩效应，它依旧能释放出可观的电磁辐射。尽管存有争议，但这种较小的 T 型褐矮星依旧被恒星光谱划分到了气态巨行星一类。与其它小行星相比，褐矮星不仅拥有更强大的磁场，且不太稳定。,,,,
star_neutron,PLANET,由超新星爆发演变而来，拥有极致的高温与稠密的质量，它的体积因巨大的引力而变得非常小巧。虽然其质量至少等同于三个太阳的总和，但它的半径甚至比旧地球还要稍小一些。由于这颗中子星会快速旋转并发射出强烈的射电脉冲，因此它也被称为脉冲星。任何一位明智的星舰船长都会对其避而远之。,,,,
black_hole,PLANET,由一颗大质量的恒星经过超新星爆发后的结果，是一种时空曲率大到光都无法从其视界逃脱的天体。尽管受到量子效应的影响，使黑洞能发射出可供探测的霍金辐射，但在视界之外的设备是无法检测到任何信息的。因黑洞强烈的引力会把附近的所有物体撕裂，并形成如螺旋形深渊般的吸积盘，因此极其危险。,,,,
star_orange_giant,PLANET,K 型巨星，氢已作为燃料耗尽，极大的质量使其核心达到了进行氦聚变所需的高温。严格的学术分类是红巨星，但这颗红巨星比其它同类更大、更热，因此它更类似于前人之领时代的经典天文学中所提到的毕宿五红超巨星。,,,,
star_red_supergiant,PLANET,进入了它短暂生命的末期的 M 型恒星已经演化成了红超巨星，是已知恒星类型中体积最大的一种。它已经耗尽核心内所有氢，平稳地过度到了氦聚变。随后它很可能会继续聚变产生更重的元素，直到生产铁元素引发超新星爆发。虽然非常巨大，但由于恒星外表壳层非常稀薄且表面温度相对较低，因此呈现出了独特的红色。这颗恒星释放其内部物质的速度非常快，将会产生一片壮观的星云。前人之领时代的经典天文学中所提到过的参宿四与心宿二就是这种红巨星里的典型。,,,,
star_red_giant,PLANET,恒星演化末期的一种质量较低的红巨星，由于已经耗尽了核心内的氢燃料，转而在不断增大的氦核周围燃烧为数不多的氢，使这颗恒星看起来非常巨大，但由于表面温度相对较低，因此才呈现出独特的红色。,,,,
star_red_dwarf,PLANET,又小又冷但极为常见的 M 型主序星。它的质量小得无法和旧地球的太阳相提并论。,,,,
star_white,PLANET,对于大多数恒星来说，白矮星很可能是由红超巨星演变的最终结果。这颗主要由碳构成的恒星没有足够的温度来融化碳元素，因而不再由核聚变的热来抵抗重力崩溃，而是由极端高密度的物质产生的电子简并压力来支撑。,,,,
entropyamplifier,SHIP_SYSTEM,"暂时增加目标舰船受到的伤害。使用时产生大量幅能。

效果的持续时间基于施加方的状态。如果施加方进入相位或以其他形式改变了时间流速，那么对于外界观察者来说，效果的持续时间也会随之变动。",进攻,暂时增加目标舰船受到的伤害，使用时产生大量幅能。,,
interdictor,SHIP_SYSTEM,"干扰目标舰船的驱动场，瘫痪部分引擎。

通常来说它难以直接让一艘引擎全功率输出的舰船直接熄火，但对引擎数量极少的舰船来说也非没有可能，毕竟它至少可以瘫痪一个引擎。",进攻,干扰目标舰船的驱动场，瘫痪部分引擎。,,
mine_strike,SHIP_SYSTEM,传送一颗重型感应空雷到目标区域。该空雷将缓慢追踪附近的敌舰，并在足够近的距离内引爆。可在相位隐形状态下使用。,进攻,传送一颗重型感应空雷到目标区域，可在相位隐形状态下使用。,,
mote_control,SHIP_SYSTEM,能量光尘可对战舰造成巨额 EMP 损伤或消灭导弹与战机。该系统可制造一个临时的光尘吸引源。光尘将优先自动瞄准附近的导弹和战机，除非吸引源被设置在舰船目标上。,特殊,控制能量光尘对战舰造成巨额 EMP 损伤，或消灭导弹与战机。,,
acausaldisruptor,SHIP_SYSTEM,"暂时过载附近一艘敌舰。

这个系统利用的各原理之间联系微弱，即便是在大崩塌之前人们对它也是知之甚少。而在如今人们的眼里它的存在就如魔法一般神秘。",进攻,暂时过载附近的一艘敌舰。,,
temporalshell,SHIP_SYSTEM,"加速舰船上的时间流动。使用时产生大量幅能。

对于长期暴露在这种效果下会产生何种影响的研究被认为是 ""令人担忧"" 的，因此这项研究计划最终被暗中停止。",特殊,加速舰船上的时间流动，使用时产生大量幅能。,,
damper,SHIP_SYSTEM,暂时激活一种能大幅减少所受伤害的能量场，激活时禁用武器和护盾。,防御,暂时激活一种能大幅减少所受伤害的能量场，激活时禁用武器和护盾。,,
damper_omega,SHIP_SYSTEM,暂时激活熵抑制场，将自身所受到的伤害与武器产生的幅能全都减半，同时快速修复所有离线的武器与引擎。激活时禁用护盾。,防御,暂时激活熵抑制场，将自身所受到的伤害与武器产生的幅能全都减半，同时快速修复所有离线的武器与引擎。激活时禁用护盾。,,
flarelauncher,SHIP_SYSTEM,发射能迷惑导弹和 PD 武器的热诱弹，命中热诱弹的导弹会被立即摧毁。,防御,发射热诱弹来干扰导弹的制导系统。,,
flarelauncher_active,SHIP_SYSTEM,会自主追踪的热诱弹系统，发射能主动干扰导弹和 PD 武器的热诱弹，热诱弹会优先追踪最近的导弹并试图摧毁它。,防御,发射能主动追踪的热诱弹来摧毁导弹。,,
flarelauncher_fighter,SHIP_SYSTEM,旨在干扰点防御武器的热诱弹发射器。,防御,发射热诱弹来干扰敌舰的点防御武器。,,
flarelauncher_single,SHIP_SYSTEM,旨在干扰点防御武器的热诱弹发射器。,防御,发射热诱弹来干扰敌舰的点防御武器。,,
burndrive,SHIP_SYSTEM,暂时启动舰船的部分巡航引擎。短时间内大幅度提高舰船速度，但无法转向且禁用护盾系统。激活期间若遭受剧烈碰撞则会使引擎全数熄火。,机动,短时间内大幅度提高舰船速度，但无法转向且禁用护盾系统。激活期间若遭受剧烈碰撞则会使引擎全数熄火。,,
maneuveringjets,SHIP_SYSTEM,激活额外的推进器。大幅提高舰船的机动性，并稍微提升最高航速。,机动,暂时大幅度提高最高航速与机动性。,,
plasmajets,SHIP_SYSTEM,暂时极大程度地提高最高航速，并稍微提高机动性。,机动,暂时极大程度的提高最高航速，并稍微提高机动性。,,
microburn,SHIP_SYSTEM,瞬时提供引擎加速，将舰船以极速向前推进一段距离。剧烈的碰撞将会使引擎熄火。,机动,瞬时提供引擎加速，将舰船以极速向前推进一段距离。剧烈的碰撞将会使引擎熄火。,,
microburn_omega,SHIP_SYSTEM,瞬时提供引擎加速，将舰船以极速向前推进一段距离。,机动,瞬时提供引擎加速，将舰船以极速向前推进一段距离。,,
fastmissileracks,SHIP_SYSTEM,一种快速装填导弹的系统，利用额外的伺服机和弹药运输机让舰船快速装填导弹。激活系统将产生大量幅能。,进攻,立即使所有导弹武器冷却完毕，使用时产生大量幅能。,,
fortressshield,SHIP_SYSTEM,将所有武器系统的能量重定向至护盾，以极大地提高护盾能力，但这个过程中会持续产生硬幅能，即使护盾并未受到任何伤害。,防御,禁用所有武器来大幅度降低护盾所受到的伤害，但会持续产生硬幅能。,,
highenergyfocus,SHIP_SYSTEM,一种高能聚焦系统，暂时提高所有能量武器的伤害。由于该系统拥有多个电容器阵列，因此允许其储存并恢复充能。,进攻,暂时提高所有能量武器的伤害。,,
drone_strike,SHIP_SYSTEM,通过短暂的能量传输为一架部署在外的终结者无人机充能。之后该无人机会像导弹一样追踪附近的目标，并在撞击时造成大量范围伤害。,进攻,为一架部署在外的无人机充能，让它像导弹一样撞击目标。命中时将造成 1200 能量伤害 与 600 EMP，激活时将产生 600 幅能。,1200 | 600 | 600,
canister_flak,SHIP_SYSTEM,在舰体周围发射大量拥有近炸引信的高射炮弹。,防御,在舰体周围发射大量拥有近炸引信的高射炮弹。每枚炮弹会在小范围内造成 200 的高爆伤害。不会伤害友军。,200,
phaseteleporter,SHIP_SYSTEM,将舰船立即传送至近距离指定目的地，零幅能加速生效时才可使用。,机动,将舰船立即传送至近距离指定目的地，零幅能加速生效时才可使用。,,
displacer,SHIP_SYSTEM,将舰船闪现至航向前方的一个地点。该系统可以缓慢累积三次传送，且冷却时间很短。,机动,向行驶方向瞬移，可充能三次。,,
displacer_degraded,SHIP_SYSTEM,将舰船闪现至航向前方的一个地点。该系统可以缓慢累积两次传送，且冷却时间很短。,机动,向行驶方向瞬移，可充能两次。,,
drone_pd,SHIP_SYSTEM,一种点防御无人机系统。通过部署大量配有激光武器的无人机来护卫舰船或自由巡逻。,无人机 (扩展纪元),部署大量配备有激光武器的防御无人机。,,
drone_pd_x2,SHIP_SYSTEM,一种点防御无人机系统。通过部署大量配有轻机枪的无人机来护卫舰船或自由巡逻。,无人机 (核心纪元),部署大量配有轻机枪的防御无人机。,,
drone_borer,SHIP_SYSTEM,部署几架经过武装过的探矿无人机，这些无人机能远离母舰进行远程作业。,无人机 (主宰纪元),部署多架经过武装改造的探矿无人机。无人机装载了钻探激光炮，能在长距离外运作。,,
drone_sensor,SHIP_SYSTEM,一种感应无人机系统，通过部署装有探测器的无人机，来提高舰船的武器有效射程与战场视野，无人机配备有离子炮。,无人机 (扩展纪元),部署能提高武器有效射程与战场视野的无人机。无人机装载了离子炮。,,
ammofeed,SHIP_SYSTEM,激活一种先进但不持久的装置，用以快速装填实弹武器。该装置再次使用前必须重新校对并等待冷却完毕。,进攻,降低实弹武器所产生的幅能，并提高实弹武器的射速。,,
emp,SHIP_SYSTEM,"激活电磁脉冲发生器。打击附近所有的导弹、战机，且能暂时瘫痪敌舰的武器和引擎。

不幸的是，只有关闭所有武器系统才能为该设备提供必要能源，且所释放的脉冲电弧难以威胁到敌舰的护盾系统。",特殊,释放脉冲电弧，迅速摧毁来袭导弹，也能用于瘫痪敌舰的武器和引擎，但无法威胁到护盾。,,
phasecloak,SHIP_SYSTEM,"暂时让舰船跳入另外一个维度，即相位空间。尽管相位线圈持续产生的特征使敌舰仍能侦测到它的存在，但任何武器都无法直接击中不在同一维度的舰船。由于相位空间不能释放幅能，因此累积的幅能最终会迫使相位中的舰船回到正常空间。在相位空间内的舰船主观上要比正常空间的时间要快上许多。

由于相位隐形系统体积庞大，且具有显著的幅能需求，因此搭载它的舰船往往用它取代护盾作为主要防御手段。",特殊,将舰船送入时流速率与通常空间不同的相位空间，使其无法被任何武器所击中。激活时持续产生硬幅能。,,
drone_terminator,SHIP_SYSTEM,"部署配备有 IR 脉冲激光炮与 PD 激光炮的先进无人战斗机。

更令人印象深刻的小细节就是能够在战斗中持续重新制造该无人机，以确保母舰可以持续被护卫。

这架无人机还配置了一种好战的 Delta 级 AI，使它拥有比那些需要遥控或者充其量只配备了次 Gamma 级 AI 的无人机更远的作战半径。

该无人机史无前例地由两家公司合作设计并制造出来。由 轨道工厂制造公司 提供底盘以及基础系统的设计方案，而 速子科技 专家则负责 AI 控制系统。",无人机 (攻击),部署极其先进的无人机。这种无人机被摧毁后所需的重新整备时间极长。,,
reservewing,SHIP_SYSTEM,部署额外战机，暂时提高战机联队的战机数上限。额外部署的战机在一段时间后会直接返回航母。,战机,部署额外战机，暂时提高战机联队的战机数上限。额外部署的战机在一段时间后会直接返回航母。,,
targetingfeed,SHIP_SYSTEM,为所有部署在外的战机发送实时目标数据，暂时提高它们所造成的伤害。,战机,为所有部署在外的战机发送实时目标数据，暂时提高它们所造成的伤害。,,
recalldevice,SHIP_SYSTEM,将所有部署在外的战机立即召回至航母机库之内，使它们能迅速补充弹药或被修复。,战机,将所有部署在外的战机立即召回至航母机库之内，使它们能迅速补充弹药或被修复。,,
stable_location,CUSTOM,空无一物的开阔区域，这处不显眼的地方是星系超波场中所受影响最低的位置。相对较少的干扰使得它非常适合用于放置各种利用超波技术的设施。,,,,
comm_relay,CUSTOM,基于 人之领 技术建成的通信基站，该超波通信阵列能以超光速在星系间传输和接受数据。因适合 FTL 传输的超波脉冲已被证实存在破坏生物 DNA 的巨大隐患，所以它们一般都建立于远离栖息地的偏远位置。,,,,
comm_relay_makeshift,CUSTOM,效仿于 人之领 中继站而建成的设施，虽利用了时下被认为最先进的技术，但这种临时性的通讯中继站即便能发射超光速通讯信号，其传输速度仍弱于前者，且偶尔发出的幽灵通讯流也会让最老练的船长做上一整晚的噩梦。,,,,
sensor_array,CUSTOM,基于 人之领 技术建成的超高分辨率被动监测阵列，内置的发射器能以超光速在星系间进行实时数据传输。这将有益于附近舰队的常规传感器探测。,,,,
sensor_array_makeshift,CUSTOM,采用时下最先进的技术而建成的临时传感器阵列，尽管弱于其前辈，但它依旧能被动监测整片星系，并为附近友军舰队提供高清实时数据，而这些数据将有助于增强其舰队常规传感器的探测效果。,,,,
nav_buoy,CUSTOM,基于 人之领 技术建成的导航信标，能被动监控整片星系内的超视场，还能将计算后的导航信息传输给附近友方舰队，而这些读数将有助于舰队的航行效率。,,,,
nav_buoy_makeshift,CUSTOM,采用时下最先进的技术建成的临时传感器阵列，尽管弱于其前辈，但它依旧能被动监控整片星系的超视场，并将计算好的数据传输给附近的友方舰队。虽然这些读数并不十分可靠，但仍能提高其动态驱动器的效力。,,,,
test_station,CUSTOM,一个带有空间站属性的物体。,,,,
barren-bombarded,PLANET,没有生命迹象的岩质星球，除了稀薄到几乎没有的大气，满目疮痍的地表也证明了它曾受到的万年陨石的洗礼。因没有显著的地磁场或地质运动，使这里的岩浆很顺利的就将大地切开，并汇聚到远古留下的巨大陨石坑里，以形成规模宏大的岩浆海洋。,,,,
irradiated,PLANET,贫瘠与高度致命的辐射使这颗行星表面没有任何生命迹象。致命的环境甚至连机器人都感觉浑身不适，为了满足那些愿意来此居住的疯子们，任何栖息地都必须建立在极深的地下以达到基本的生存条件。,,,,
planet_jangala,CUSTOM,"作为 Corvus 星系的瑰宝，Jangala 不仅保有一个生机盎然的原始生物圈，其行星上时常被巨型风暴所遮蔽着的农场与海洋，还产出着大量的有机物、食品和奇异的外星生物原材料，并被大多数 卢德教会 的信徒誉为 ""神圣之地""。",,"Jangala 最初是一处异种生物研究中心兼旅游景点，但随着开发进度的加快，此地数百万平方公里的森林被夷为平地，并被遍布大型机械收割机的种植基地所替代。尽管如此，所有殖民者都必须佩戴生物过滤面罩并持续推进地表净化工程，且需要借助 Jangala 空间站的轨道射线焚烧疯长的本土丛林，以阻截其继续扩张。这颗行星并不是传言所描述的 ""人类天堂""。",,
station_jangala,CUSTOM,拥有巨型太空城、海军码头与贸易港口的 Jangala 无疑是 Corvus 星系的文化中心，同时也是 霸主 军事区所在地，这座空间站总是挤满了往来的贸易舰队和 霸主 海军。,,其中巨大的分层结构基本由：巨大的环形实验室、重工业机库/船坞、商业广场、大都市地区所组成，而任何靠近的商业或军事舰船都会被几处配有大型通信阵列和武器吊舱的高塔所监控。,,
planet_asharu,CUSTOM,这颗沙漠行星是 大崩塌 前地貌改造失败后的产物。人口则是由一些 自由联盟 的移民、罪犯或疯子构成。尽管 霸主 对其声称拥有主权，但也不过是派遣数支巡逻队来此清剿海盗，就没有任何下一步的管理措施。不过较少的关税使得这里仍有一些商业活动的存在。,,Asharu 原本有一个堪称模式样板的地貌改造计划：在建立恒星罩降低地表温度的同时，从 Barad 的卫星上把冰发射过来，让它们拖着闪亮的蒸发尾迹在这片天空上形成降雨。不幸的是，大崩塌 造成的混乱中断了冰的输送，同时恒星罩遭到了疑似 卢德左径 团伙的蓄意破坏。对此地的任何投资都现已耗尽，仅有少数的顽强的生物和居民在巨型沙丘间的群山中挣扎求生。而那些从未完工的城市地基正在被沙丘缓慢地吞噬。,,
planet_agreus,CUSTOM,拆船业是该地区的中心支柱产业。霸主 海军和其他核心世界的客户会将报废船只送往这里。Ko 联合实业 花费重金买下这颗行星的管理权，并利用全新的回收技术、舰船翻修服务以及被流言传为从废旧拟 AI 核心中获取情报的做法，重新聚起了因大崩塌而丧失的大量财富。,,几个世纪以来，这个贫瘠的世界更像是一片星舰坟场。被剥离的船体外壳沉睡在早已冷却的岩浆海之中，而一些仍具有放射性的反应堆核心则被遗弃在隔离坑里，散发着在很远的距离内都能被检测到的高强度辐射。被雇来维持工业设施的工人住在基于巨型陨石坑所建造的地下城市里，城市外围的地表则被闪闪发光的太阳能电池板和通往边远加工厂和材料堆场的管道所包围着。,,
planet_nomios,CUSTOM,肮脏的氨雪从 Nomios 稀薄的大气层中落下，由于其中大部分的漂浮物被破旧的履带式无人机清理完毕，所以仅在栖息地的装甲登陆舱门附近留有少量的积雪。这个星球的设施由一个神秘的官僚机构所管理，其执政者声称他们是 大崩塌 后 姆巴耶-果戈尔 董事会的幸存者。不过无论传言是否属实，姆巴耶-果戈尔 都早已名存实亡。,,,,
planet_syrinx,CUSTOM,一颗气态巨行星，它主要由一种远重于经典混合氢气的特殊混合挥发物组成。强风席卷着巨大风暴之上的氨气云，而碳氢化合物形成的上升流逐渐过渡到它下方的含水氨海，包裹着由极端压力和高重力形成的奇异冰层。,,,,
station_arcadia,CUSTOM,霸主 的后勤中心，其建设目的是为了满足当地舰队补给需求，进而以 Arcadia 战略驻地为跳板向周遭星系投射军事力量。核心结构上实用而优雅的巨大圆环结构可以追溯到 大崩塌 之前原始空间站的挥发物虹吸设施。该地装配了将运往 Agreus 用于再组装的粗制武器吊舱与装甲结构，用于应对突袭这一重要物资聚集地的风险。,,,,
fusion_lamp,CUSTOM,一个 人之领 时代的聚变射灯，足以为行星提供巨量的光能与热能。,,,,
food,RESOURCE,为了出口被封装保存好的各种食物产品。其保质期不会少于五个标准 人之领 星历年。,,,,
organics,RESOURCE,由大量复杂的碳基化合物及其衍生物组成。被广泛应用于塑料、燃料、溶剂、聚合物、食品，生物技术与其它生活必需品等领域中。,,,,
volatiles,RESOURCE,内含例如氘的轻元素稀有同位素，在燃料加工和其他先进工业生产过程中具有重要应用。,,,,
ore,RESOURCE,包括含黑色金属和常见有色金属的矿石。必须被提炼加工后才能被应用于工业用途。,,,,
rare_ore,RESOURCE,未经加工的重元素，可能包含有稀土元素，锕系元素和其它稀有矿物等，这些元素对于先进工业与应用研究方面是至关重要的。,,,,
metals,RESOURCE,精炼后的黑色金属和常见有色金属，遵循传统 人之领 标准浇铸成的金属锭。被广泛应用于建筑与产品生产。,,,,
rare_metals,RESOURCE,精炼加工后的重元素，囊括了从常见锕系元素到其他任何高能系统与前沿科学研究必须用到的更重更罕见的元素。,,,,
heavy_machinery,RESOURCE,用于在工业中处理物料的标准化模块重型机械。可被手动操控或套用常见的自动操作模板，也能被远程网络遥控。,,,,
domestic_goods,RESOURCE,自工业化航天文明建成以来，这些经大规模轻工业生产出的服装、小工具、配件、用品、使人们过上了舒适的生活。,,,,
organs,RESOURCE,人们现在已经普遍接受器官移植这种行之有效的方法。但健康而合适的器官总是那么稀有，如果你不在乎来源是否合法，那就去黑市瞧瞧吧。,,,,
drugs,RESOURCE,"在部分行星上被明令禁止，这些所谓 ""化工艺术品"" 包含了一系列令人眼花缭乱的产品，让那些寻求刺激、强化意识或逃避悲惨生活的人们沉迷其中。",,,,
hand_weapons,RESOURCE,品种丰富的武器装备，小到重型班组武器，大到机甲、坦克和浮空艇。在大部分的星球上都被禁止私人持有。基本上都处于已拆解装箱的状态，所以并不适合在临时组织的突袭中使用。,,,,
luxury_goods,RESOURCE,能让世界上任何一名行业精英都渴望拥有的奢侈品，每一件都是由真正的艺术大师亲手制作。,,,,
lobster,RESOURCE,混合了多种旧地球物种和一点想象力而创造出的生物，它们主要栖息在 Volturn 海底深处的破碎海床上，据说味道非常独特。,,,,
luddic_furniture,RESOURCE,卢德家具是一种罕见且极为珍贵的木制工艺品，由自然生长的木材作为原料，并由工艺大师以及他亲传的学徒联合手工打造。,,,,
ships,RESOURCE,"较低档次且经常在技术上有缺陷的 ""出口级"" 船体与军备，经常应用于商队护卫与基础星系巡逻队中。在势力间大批交易真正意义上的顶级星舰材料无疑是痴人说梦。",,,,
planet_nidhogg,CUSTOM,Yggdrasil 的卫星，过于靠近气态巨行星所产生的巨大潮汐力不断加热并搅动 Nidhogg 的内部结构。大量裂缝与火山遍布于星球表面，蔓延数公里的岩浆流在烧焦的大地上随处可见。,,,,
planet_ratatosk,CUSTOM,生命荒芜且贫瘠不堪，这颗主要由硅酸盐构成的卫星拥有稀薄的大气层。它常年遭受来自 Yggdrasil 的辐射侵袭，大气层因而发出淡淡光芒。,,,,
planet_raesvelg,CUSTOM,充满水和氨冰的深沟巨壑遍布于星球表面，而在地表之下、在冰层与硅酸盐构成的地壳之间，存在着一片没有生命的海洋。大崩塌 后，尽管 霸主 颁布的战略政策提高了对该星球重建项目与移民的资助标准，且获得了众多退役军人的大力支持，但依旧有部分圆顶城市因无人居住而遭到遗弃。随着最近 霸主 通过赠款的方式，刺激了当地颇具潜力的挥发物开采作业的发展，而被吸引来的诸神黄昏集团与 速子科技 的项目工作人员以及工人使日渐繁荣的 Raesvelg 的夜生活逐渐喧嚣了起来。,,,,
planet_skathi,CUSTOM,地壳由氮气和甲烷冰所组成，而表面则被大量硅酸盐与冰幔覆盖得严严实实。霸主 向 速子科技 颁发了此地的独家开发许可证，主要包括一处用于加工从 Niflheim 采集的挥发物的庞大工厂以及相关基础设施。有传言称这里的一切都是幌子，其目的是掩护一处秘密研究机构开展非法实验，但派遣至该处的调查员至今没有发现任何确实证据。,,,,
station_ragnar,CUSTOM,霸主 的废船墓地，除了一支加强星系巡逻队和防止 英仙座联盟 入侵的舰队驻扎外，Ragnar 综合实施内还停放着一批待以翻修或拆解的船体，后者会被送往 Arcadia 由与 霸主 关系密切的巨型企业完成。这个空间站通常由一位年迈的高级指挥官管理，作为对其安度晚年的安置。,,"绰号 ""坟墓""。破碎的弧形机库与龙门架将大量报废船只排列整齐，并等待检查。这里除了安检员手中的照明，与焊枪所发出的亮光，大部分时间都处于黑暗之中。但在这片黑暗里，不仅隐藏着一支庞大的舰队，其中心附近还有一处安置着民用承包商、海军船员、陆战队以及 霸主 管理人员的 HAD 圆顶城市。",,
station_mimir,CUSTOM,"速子科技 主动筹资在这建立了一处据点，其主要目的是运用一种含有 ""欧阳流程"" 的虹吸技术来 ""开采"" 这颗气态巨行星。虽然会消耗庞大的能源，可一旦将其中的重同位素稳定下来，就能实现自我维持。从 Niflheim 提取出的某种特殊的混合挥发物将被直接送往 Skathi 卫星上加工成有用的产品。",,,,
,,,,,,
,,,,,,
,,,,,,
planet_maxios,CUSTOM,小型类地行星。Maxios 曾是本星系的重要商业枢纽，但如今只剩下一片残垣断壁。摇摇欲坠的轨道防御系统只是偶尔还能正常运作，行星表面新旧交错地散落着一地的废墟和撞击坑。当地政体已经崩溃，当前总人口已是未知。掠夺者和幸存者之间常常会发生暴力冲突，武器起爆后的光辐射和电磁暴犹如气态巨行星的风暴一般在太空上悉数可见。,,,,
hot_gas_giant,CUSTOM,由于这颗气态巨行星非常靠近其母恒星，因此可以推论它很可能是在外部星系形成的，后因遭到未知原因脱离了原轨道，而成为了一颗流浪行星并迁移于此。主要由氢、氦两种气体所组成，且核心内的温度与压力是非常高的。,,,,
planet_tartessus,CUSTOM,卢德教会 的圣地与经济中心。作为 Eos Exodus 星系中人口最为稠密的行星，拥有大型政治区划的 Tartessus 将数个宁静的都会矗立于平静而温暖的海洋附近。这个世界的人口由卢德各个派别的信徒组成，这些大多来自农村的农业人口主要通过出口农作物与手工制品维持经济与生活。,,一个古老而干燥的世界，致命的恒星辐射在大气与磁场的保护下被阻拦在外，高度侵蚀的山脉和淤积的浅海遍布于行星表面，且没有活跃的地壳运动，但大气中的含水量远低于人类生存所需标准。此地相对易于开发的矿产资源，早就被一场曾经的工业化热潮消耗殆尽了。,,
planet_baetis,CUSTOM,来自外星系的一颗矮行星，被捕获至 Tartessus L4 稳定点，挥发物云雾从千疮百孔的地表上升腾而起。本星系首次殖民活动所遗留的基础设施一直被恒星风吹打，直到最近一群来自其他星系的无神论者与被从 Tartessus 流放的反对派在此地重新定居。卢德骑士团资助了当地掌控太空港的军政府，并从商业活动中收取什一税。,,,,
planet_daedaleon,CUSTOM,这里曾是 速子科技 公司经营的研究基地。在一次严重安全壳破损事故中，泄露了某种高能并可能具有自维持力的实验对象或废弃物。这些物质熔穿了地壳，在地幔中留下一股具有奇怪辐射特性的幔流，至今仍在向外喷发奇异粒子。在遭到遗弃后，该卫星上的人类活动仅剩下由卢德骑士团维护的轨道警告信标。,,,,
planet_hesperus,CUSTOM,在 卢德教会 正式接管 Eos Exodus 星系的过程中，这颗拥有稀薄大气但异常寒冷的冰冻行星就已经暂停了地貌改造。坚信苦难可以孕育美德的卢德骑士们在 Hesperus 表面散落的众多军事修道院中接受磨练，而仅仅被小规模允许的有机物开采也是忠诚卢德信徒的特权。Hesperus 及其卫星 Ceyx 由正阶 奥比斯 长老一并管理。,,众多修道院依附在险峻的裂谷、火山岩层的岬角甚至是突破厚重冰层的岩体上。如此险峻的地形阻止了外来者随意踏入，特别是那些未获得骑士赫免的不忠者。不过在执政的正阶 奥比斯 长老签署自由贸易协定后，浮冰上建立起了多处可以发射民用着陆信标的经济特区，吸引外界的商人。,,
planet_ceyx,CUSTOM,因重力而被捕获的矮行星，也是 Eos Exodus 星系中拥有最大规模军事设施的行星。卢德骑士团占用并扩建了此地的地下造船厂、军械库、兵营、训练营和行政设施，其中就包括了被认为是 卢德教会 无敌舰队维护处的设施。此地由 Hesperus 上的正阶 奥比斯 长老一并管理。,,,,
planet_chaxiraxi,CUSTOM,在 Magec 近轨道上的一颗气态巨行星，主要以氢、氦两种气体所组成，其核心内的温度与压力极高。因过于靠近 Magec，Chaxiraxi 的表层被不断加热，并逸散出发光的等离子羽流。部署在轨道上的气体捕集器偶尔会展开羽翼般的磁性收集器来收集这些轻质挥发物。,,,,
station_new_maxios,CUSTOM,曾经作为一处资源采集的重要枢纽，但由于 Maxios 的崩溃导致大量难民的涌入，这处枢纽中的所有设施被难民营所取代。新 Maxios 的人们凭借着不屈不挠的毅力和来之不易的专业知识重建了公民社会，还建设了轨道工业设施为分散的小行星矿区和自由勘探者提供支持。由自发组织的民兵海军所保护的 新 Maxios 自认为是 Maxios 宪章的继承者，但因规模太小难以迫使主要势力承认这一宣称。,,,,
station_tse_enterprise,CUSTOM,"这里是赏金猎人与海盗们的天堂，几十年前，速子科技 派遣了一支由特遣队与雇佣军所组成的舰队占据了这里，之后不仅建立起了一处大型的交易中心与货运港口，并赶走了所有拒绝支付新租金的家伙。如今这里基本由退休海盗激进分子以及难民所组成，据传言称：任何被运往这儿的货物都会被擦去 ID 并重新标记。除此之外，""Level 25"" 也是一处在当地享有盛誉的鸡尾酒酒吧。",,,,
station_kantas_den,CUSTOM,"此地是由一名野心勃勃的 人之领 后勤官 Kanta 上校在 Maxios 政体崩解后不久所武力夺取的。尽管她随后加入了 人之领 的继承者 霸主 的麾下，但在军阀 Onesimos Loke 入侵英仙座星域时立刻背叛了新任雇主，并与他达成协议。而 Loke 被打败后，Kanta 也随即继承了军阀的头衔。

据传即便抛去待在休眠舱里的 ""冬眠时间""，Kanta 依旧有近 200 岁的高龄。如今这处被隐形空雷和简陋火力基地所保护着的海盗王朝亦或是 ""家族企业""，仍被 ""年事已高"" 的 Kanta 所牢牢掌控。",,,,
orbital_station_default,CUSTOM,包含有造船厂、栖息地、工厂、战略储备的轨道空间站。该平台能让人类向已知空间投射军事与工业力量。,,,,
shepherd,SHIP,"Ko 联合实业 的著名公关代表曾经将 R450 牧羊人评价成民用护卫舰的典范之作，使得这艘拥有可靠性能，低成本以及舒适乘坐空间的护卫舰风靡一时。而之后一种专为牧羊人-级设计且广受欢迎的战斗模组，被生存主义者或海盗团伙组装到了船上，这种名为 ""HK"" 的模组不仅提供了可靠的额外装甲，且加装了能提高舰船速度与武器效果的超频装置。可即使经过改装，该舰依然非常脆弱，毕竟在作为民用舰船的日子里，它一般依靠实用的螟蜂无人机来代为完成工作。

""螟蜂"" 无人机是基于结实且易操作的半自动无人机的基础框架上改进而成，配备了能在高辐射危险环境下进行工作的外部涂层，常用作于采矿作业、打捞、排爆、甚至是清理核心熔毁。为其安装的 HK 模组不仅提高了切割激光器的聚焦程度，还用仿自于 人之领殖民地驻军 的无人机战术软件将其基础 AI 进行升级。要注意的是，这种模组的附件特别标注了 [严禁在非战斗中使用带有 HK 模组的无人机，否则后果自负]。",,,,
luddic_church,FACTION,"银河救赎教会的正式成立，是受 人之领 星门崩溃时一位名为 ""卢德"" 人士做出的殉道行为而获得的启发，以亚伯拉罕契约与一些来源可疑的 人之领 反对腐败、堕落、享乐主义和超人类事物的著作为主要核心，而建立起的一种等级体系分明、教条高度融合的教会组织。教会不仅向信徒们描绘了一幅更简单的生活方式、即人人拥有美德、人力资源充足的美好蓝图，并反对自星门崩溃以来那些企图分裂整片星域的暴力行径与科技差异。",,,,
knights_of_ludd,FACTION,卢德银河救赎教会的军事部门，仿照千年前的卫道士团体而建立。在教会管控的区域里，他们有权动用武力来确保科技的正确性，弘扬美德，惩处恶行。即使在教会控制区域之外，他们也会尽其可能地暗中用同样的方式来履行他们的职责。,,,,
luddic_path,FACTION,"卢德左径 是一种松散的团体，其成员是一群被边缘化的、激进的世界末日教派分子，这些世界末日卢德主义者们声称：他们对卢德给予人们的信息有着更为深刻的解读。在他们眼中，教会是妥协且腐败的，因为他们在世界末日临近之时，把世俗的自我安慰放在了追求真正的救赎道路之前。末日决战就是 ""现在""！其帷幕已经拉开！—— 只有通过强有力的正义行为，才能更大程度地击溃恶魔，只有通过暴力才能清扫人类对神的傲慢与不敬。在他们如此宣称之际，卢德左径 必然意识到他们已经陷入几乎与星域所有势力为敌的困境。",,,,
pirates,FACTION,严格来说，海盗比起一个统一的势力，更像是一种松散的联合体。他们之中有土匪、强盗、逃兵、掠夺者、赏金猎人、雇佣兵、和一些与星域中的强大势力们一样拥有着强烈斗争心并好战的舰长们。许多海盗因受到压迫逃离了星域的主流社会，并在远离核心世界的地方藏匿。大部分海盗舰长几乎不称呼自己为海盗，而是把自己看做反对 霸主 或 英仙座联盟 立下的不适当规则的挑战者，为这个已陷入歧途的社会所犯下的错误而向他们复仇。并凭借自己的聪明才智，带走一切能带走的东西。这些舰长的特点很明显，他们对自由和荣誉有着极为深切的渴望。通常情况下，他们不怎么为难那些带着官方身份识别器的同行们，并对他们保留有极大的宽容。,,,,
sindrian_diktat,FACTION,"辛达强权 是一个最近因 霸主 军事介入 Askonia 星系而产生的政治团体。那次干预由前 霸主 海军上将 Philip Andrada 所领导。他在 霸主 心理档案中的记录是 ""机智而富有领导力，但有过于自恋的倾向""。按照他的说法，辛达强权 ""于 Askonia 危机的磨炼中崛起，新一代人民昂扬奋发、英勇无畏、目标清晰、意志坚定、团结一心，足以克服大崩塌所带来的危机，将那些只会造成混乱的短视星际议会政治扫入历史的角落。"" 但整个星域的人们认为，他们不过只是个想在乱世获取利益的军事独裁政体。",,,,
asharu_platform,CUSTOM,Asharu 地貌改造项目中被遗弃的轨道空间站。没人期望能在这找到任何有价值的东西。除了废弃折断的残骸，这里只剩下一些空置的机库、被焊接在一起的废弃货舰、蜂窝状的破损燃料罐，而这里也一度成为了工程师与难民的聚集地。所幸的是，部分被动式能量收集器与三级维生模块的正常运作，使这处残破不堪的空间站依旧能在轨道上勉强运行。,,,,
pirate_base_generic,CUSTOM,"""冒险家""、海盗、雇佣兵以及人渣恶棍聚集的海盗基地。这处隐藏在势力领域之间的小型前哨站，尽管没有法律的约束，但却由一个不成文的规矩来维持脆弱的和平，因此很多商人或走私者也愿意在这进行信息交易，并出售一些非法所得的赃物。",,,,
planet_barad_a,CUSTOM,点缀在行星表面上的冰火山使地表被厚厚的冰层所覆盖。这颗行星的易挥发元素曾被大规模地提取，以满足星系中其他行星的地貌改造工程的需求，如今只留下冰原废土中的质量投射器机架依然肃立。小群的独立矿工利用其中一些尚能使用的老旧设备，在氨冰冰川中勉强维持艰苦的生活。,,,,
pirate_base_barad,CUSTOM,最初由 天苑四-乌托邦地貌改造集团 建造，目的是为了在进行大规模地貌改造工程的同时协调挥发物提取工作，如今这已被一群 '冒险家'，强盗和雇佣军所占领，以试图躲避 霸主 对他们的监视与压迫。这儿没有法律，只有不成文的规矩维持着当地的和平，因此任何人都可以来此进行贸易、交换信息以及出售战利品，而在 Barad 卫星上工作过的矿工们也聚集于此，出售带来的货物、诉说夸张的故事、或进行其他的休闲活动。,,,,
station_achaman_enterprise,CUSTOM,"Achaman 空间站的意义在于，让 Guayota 吸积盘的居民不必冒着被海盗抢劫的风险，就能在这处相对较安全的港口内进行商业活动。而作为 ""看守人"" 的 速子科技 也很乐意利用该空间站的价值来获利，正如人们所常说的：所有东西都能在 Achaman 空间站里被卖掉。",,,,
,,,,,,
hegemony,FACTION,"作为 人之领 的军事继承国，霸主 最初是由一支因 人之领 星门网络崩溃后被困在偏远星系的失落战斗群所组建。它的建国宣言基于一个能 ""创造性地"" 将 人之领 时期的军事戒严法进行无限期延长的解释条款。霸主 的建立者们坚信：想要重新回归 人之领 的体制，维持全星区甚至整个银河系的和平、稳定与繁荣，就必须凌驾于琐碎的人权之上。人类正经历生死存亡的紧要关头，只有处于 霸主 严格的军事体制下才能保护那些可以孕育基本正常人类文明的世界。任何危及这项""伟业"" 的隐患都必须遭到排除；如果一些激进分子因无知或利益而极力阻止这份伟业，那么将其作为牺牲品也在所不辞。

在 霸主 所统治的行星和空间站里，便于治理用的民间政体依然存在，但却完全隶属于军队。因 人之领 的政策原因，导致民间组织的细节在不同世界中各不相同。一旦这些组织存在问题，霸主 就会用个修订后的 人之领 时期的殖民章程来强行决定政府结构。尽管标准民间政体是由民选产生，但根据军事戒严法，有效的候选必须得到当地军事机关的核准。虽然特殊时期需采取特殊措施，但 霸主 仍在 人之领 所建立的原则下，抚育着银河民主那在风中摇曳的火焰。
",,,,
tritachyon,FACTION,"速子科技 是在 人之领 星门系统崩溃后，星域中最强大的巨型企业。它专注于尖端 AI 科技的开发，并多次违反 人之领 禁止研究 Alpha 级以上的自主行动 AI 的禁令。并研究一些外来的高能设备，如星舰发动机、曲速引擎、能量发生器、能量转换器、力场装置等。自星门崩溃以来，速子科技 极大地扩展了它的运营方式并成功将自己烙印在了整个星域的运作之中。甚至它的敌对势力，或是那些执意要在自己系统里留下固线后门的偏执狂们，最终也不得不开始采购并使用一些 速子科技 的标准设备，并直面那些他们恨之入骨却又无所不在的 TriPad。

从某种角度来说，速子科技 的公司章程所拥有的特殊算法以及自调整特征，也许可被当成是让人类公司员工代替 AI 作为完整部分以构成抽象的 AI 组织。然而这依旧是一个无法解决的哲学问题，因为现在还没有任何令人满意的方法能避免在这个过程中因违背 人之领 的 AI 禁令而获得定罪。",,,,
persean,FACTION,"英仙座联盟 是一个把反抗 霸主 对星域的完全统治作为目的而建立的同盟体。尽管联盟成员对于国内外事务难以达成共识，甚至为此爆发过激烈的武装冲突，可当他们直面 霸主 这个被看作是以 人之领 名义非法推行军事戒严法的呆板政体时，意志是无比统一的。联盟将遵循自己的法律以及准则，联合起来对抗那些来自外部的威胁，尤其是一些好事的巨型企业、军阀和 卢德左径。

英仙座联盟 并不主张真正意义上的人人平等或绝对的个体自由。联盟的目标是实现让任何政府的内部政治问题留给他们自己来着手解决。尽管 人之领 的法律有时会干预他们所统治世界的内政，但联盟的特令已经明确禁止了这种干预。",,,,
independent,FACTION,比起一个统一的势力，自由联盟 更像是由一些松散的政体，以及那些缺乏与其他主流势力合作，且不具备共有特质的自由主义者所组成的联合体。在 自由联盟 的世界里，那些将其看做家的飞行员们经常分享一些有价值的数据信息，以大方慷慨的价格互相交易物资，并愿意更好地保护这个他们共同维持的自由，而去合作一些短期安全措施和军事行动。然而也有这么一种情况，当相互间的信任土崩瓦解，自由联盟 的成员不仅会因无端的猜疑而拒绝支持其他同僚，并展开恶意竞争，且对他们同胞发生的所有不幸而视若无睹。,,,,
planet_chicomoztoc,CUSTOM,Chicomoztoc 是星区中首批殖民目标行星之一。此地被选作一处重要的工业枢纽，一片规模宏大的纳米工厂群坐落于此。这颗略适合地球化的候补行星，因早期无节制的工业发展以及后期战争的波及，其大气充满了复杂的硫化合物、有机精炼副产品以及令人担忧但可控的锕系有毒粉尘。,,Chicomoztoc 庞大的人口都定居于地下生态设施群中。统治各个设施的领导人在那些有权有势的政客间频繁更换；其中既有向庞大的失业人群许诺改革和工作岗位的政治煽客；也有不少人身为无数技术官僚或犯罪团体组成的关系网中的一员，在激烈的竞争中为自己的巢区团体尽心尽力；甚至还有些人是直接靠收买人心上任的，根本讲不清来头。一些巢区有时会因为骚乱、抗议和暴动而紧急封锁，但只要锻炉状态安好，并持续制造出堆积如山的货物、机械、工具和星舰船体，霸主 就只会对此地睁只眼闭只眼。,,
planet_eventide,CUSTOM,Eventide 是一颗几乎完全被潮汐锁定的行星，也是理想的地貌改造候选之一。此地的一年几乎仅有一次日夜交替，造就了极端漫长的夏昼与冬夜，以及短暂温和的春朝与秋暮。但在巧妙地布置恒星镜与恒星罩后，此地也有了不少大面积的气候温和区域。大部分的居民都租住在市区内的住宅里，被广阔的贵族种植园所环绕。,,Eventide 家族中的佼佼者们赞助了恒星镜与恒星罩，维持着如岛屿般分布的多个宜居圈。而那些穷困潦倒的家族只能生活在暮光区里，竭尽全力地忍受着极昼夏和极夜冬之间漫长而严酷的交替轮回。这的文化比较保守，当地媒体主要关注几大领军家族之间的礼尚往来和阴谋诡计。这种风气的盛行使 Eventide 为 霸主 军方提供了多得不成比例的军官。,,
planet_coatl,CUSTOM,Tlalocan 的卫星，其荒芜的表面布满了无数的隧道、掩体、机库、油罐、粮仓、轨道炮阵列。这处重要的 霸主 军事基地将 Aztlan 星系牢牢掌控，且因离 Chicomoztoc 足够远而不会卷入当地的政治纠纷。,,,,
station_coatl,CUSTOM,Coatl 空间站是在第一次大拓展热潮中，以一艘孢子母舰为核心而建立起来的。由于经历过无数次改造与命名，没人知道其最初的建造意图。如今这里是容纳了 Aztlan 星系中 霸主 指挥-控制-通讯中心以及相关训练设施的重要军事基地。,,,,
planet_zorrah,CUSTOM,过度的开采给这整颗卫星的冰岩都刻满了伤痕，在轨道上清晰可见。Zorrah 的开采权历来在各超级企业之间不断流传，以满足 Chicomoztoc 那些贪得无厌的工业设施。,,,,
planet_hanan_pacha,CUSTOM,被禁断的歼星武器所毁灭、如同火葬场般的行星。人为破坏造就了永不停息的火山爆发，而它引起全球性风暴至今仍在将数以百万计的逝者骨灰不断地席卷至大气层中。,,Hana Pacha 在第二次 AI 战争期间，被禁断的歼星武器所毁灭。(虽然第二次 AI 战争不直接涉及无人舰船，但它的导火索却也是所谓 AI 开发权的审查) 关于歼星武器部署的具体调查因在和平谈判中达成的某些妥协而被取消。,,
planet_killa,CUSTOM,战争在这颗卫星上留下了难以磨灭的伤痕。由于主城区上方的圆顶罩被撕开，使大量碎片与废弃物至今仍呈辐射状滞留在真空之中。,,从模糊的红外读数不难看出，在地表风化层下某些不寻常的位置中依旧隐藏着居住区。显然仍有幸存者居住于 Killa 的内部，虽然没有确切政体与外部世界保持联系，不过那些在外太空漂浮的货船残骸暗示着这儿的居民可能并不友好。,,
planet_viscacha,CUSTOM,Viscacha 是一颗受到 Chupi Orco 引力捕获的原系外星体，这颗充满剧毒大气层的卫星因极快的公转速度与有趣的南半球盆地而得名。,,,,
planet_qaras,CUSTOM,一个宜居但略显寒冷的世界，在 大崩塌 后由 天苑四-乌托邦地貌改造集团 残部就地取用基础设施与物资储备完成地貌改造。Qaras 的影响力曾无法与 Hanan Pacha 相提并论，直到后者在第二次 AI 战争中被彻底摧毁。,,在早期殖民时期中，Qaras 和它轨道上的基地是 天苑四-乌托邦地貌改造集团 主要的挥发物/有机物收集处理中心。在第二次 AI 战争之后，整个 Yma 双星系都被宣布为非军事区。幸运地免遭战争破坏的 Qaras 迅速被流氓雇佣军与强盗形成的不稳定联盟所夺取。尽管 霸主 渴望收复此地，但后勤问题和法律冲突使其认为这是一桩赔本的买卖。,,
planet_donn,CUSTOM,孤独的远古行星，在早期对这个星系的机器探测中，很快就确认了它并不原属于 Hybrasil 星系，而是亿万年前被 Hybrasil 巨大的引力捕获而来的。因 Donn 内有着丰富的高纯度重金属矿藏，而被标记为拥有低至中等利益的星球。,,,,
planet_balar,CUSTOM,Balar 是一颗主要由水、氨以及甲烷所组成的冰态巨行星。与南极上空遮天蔽日的风暴相比，那些被水冰云所覆盖的区域确实看起来异常平静。而对于这种反常现象的研究，也仅仅停留在初步阶段。,,,,
planet_cethlenn,CUSTOM,遍布有冻结的氨河、冰冻高原以及甲烷冰川的冰冻世界。来自 Balar 的带电粒子流进入 Cethlenn 的磁场，在后者稀薄的大气中创造出梦幻般的极光。此地唯一可供居住的城市坐落在一处不稳定的形岩石岬上，维护着季节性开采有机物的设备。,,,,
planet_ena,CUSTOM,与其他同胞卫星相比，Ena 的岩体异常地致密。此地的地表覆盖着大量因潮汐力而挤压成型的间歇泉，不断地喷发出冰冻气体。带电粒子不断地从此地稀薄但可见的大气中向外发射，然后被 Balar 的强大磁层所捕获。,,,,
planet_crom_cruach,CUSTOM,这个世界贫瘠不堪，除了毫无经济价值的稀有硫化物矿床之外就不值一提。在 Hybrasil 星系早期殖民化运动中，此地的矿产联合企业为 Culann 提供了大量矿物。大崩塌 后，当地政府爆发了激烈的内战，政治上与军事上同时发生的斗争最终使这处靠近星系跳跃点的战略驻地变成了一片废墟。,,,,
planet_culann,CUSTOM,历史悠久的著名矿物出产地 Culann 在 大崩塌 不久后，被 速子科技 迅速且可疑地改造成一处重要的军事基地，以之为跳板从 Hybrasil 星系内部向临近星系投射力量。据传，这里的武器库深处有着基于神秘的 AI 顿悟技术而创造的神话武器，尽管经历过两场战争的洗礼，但至今没有任何一名 霸主 调查员成功渗透至内部，以确认这些谣言是否属实。,,,,
station_culann,CUSTOM,Culann 星际锻炉早在几百年前就是一处重要的零重力精炼与冶金中心，该公司善于巧妙利用能源转换和存储技术来高效运作，并使其在 Hybrasil 星系中享有盛誉。如今这家公司名下的所有财产，以及 Culann 本身都被主打能源转换、生产及传输行业的 速子科技 所收购。,,,,
planet_eochu_bres,CUSTOM,Eochu Bres 是英仙座星域的殖民化后期才被改造的星球。瞬息万变的天气将此地撕裂成由高耸山峰与新生峡湾组成的世界。虽轨道镜阵列在 大崩塌 前就已建设完毕，但这的温度依旧要比正常宜居行星要低上许多。,,速子科技 的总部坐落于闪亮的弧形尖塔之上，鹤立鸡群地俯瞰着远处的棚户区。此地的工薪阶层居住在世外桃源般的上城区中，在安保无人机的保护下出生、生活、死亡。而那些绝望的合同劳工则在丑陋的下城区中挣扎求生。在这里，包括法律在内的任何东西都可被买卖，因为对于 速子科技 来说金钱远比其它一切更加至高无上。,,
inactive_gate,CUSTOM,这处由坚固材料所制成，并沉寂已久的环状星门是 人之领 最具代表性的遗迹之一,,,,
active_gate,CUSTOM,"一座由坚固材料所制成，并沉寂已久的环状星门。如果知道如何正确地观察的话 —— 而你确实知道 —— 就可以探测到某种来自更高次元的微弱震动。

像是一首低不可闻的古老歌谣，亦或是一扇等待被打开的门。",,,,
station_tigra_city,CUSTOM,在人类首次抵达英仙座不久后，名为 Tigra 的采矿基地就被迅速地建在了 Samarra 的陨石带里。随着历史长河中接二连三的矿业热潮，无数次罢工事件导致此地开采权被频繁转移。后来，陨石带中可供开采的矿物因开发变得近乎枯竭，于是矿工的后代们纷纷放下了钻矿机械并转向低重力种植业。尽管如此，他们依旧保留着祖先的顽固与叛逆。,,,,
planet_typhon,CUSTOM,"由氢氦所组成的一颗并不起眼的气态巨行星。几十年前一名自称 ""揭秘者"" 的学者引发了一则丑闻 —— 他声称该行星实际上是由一个异种生命家族所掌控，且从事着类似相位技术方面的研究。之后这名学者被 霸主 委派到 Eventide 的某处医疗机构从事研究工作，而 霸主 则顺势将该行星的低空轨道的所属权彻底纳入麾下。",,,,
planet_sphinx,CUSTOM,Sphinx 是一处于英仙座星区首次殖民化期间建成的 人之领 舰队后勤中心。能为 人之领 无敌舰队提供稳定可靠的燃料补给的小型反物质燃料生产设施被深埋在地下，以防止可能发生的地方叛乱干扰到燃料生产。如今这处战略驻地已经归于 霸主 的统治之下。,,,,
station_chupi_orco,CUSTOM,曾由一种巨型设备操控着 Chupi Orco 的磁层，目的是为了制造出人工风暴将大量挥发物驱入太空后进行收集。但由于受到战争的波及，使这里的线圈、发电机、储罐都遭到摧毁，尽管一些空置的机库与通道仍具备最低限度的维生功能，但因气体泄漏与太阳能电池板的结垢，最终使该虹吸站陷入了坟墓般的死寂。,,,,
lava_minor,PLANET,地质极其不稳定的星球。因没有成型的稳定地壳，大量发光的裂隙与活火山遍布于地表，喷出的岩浆凝聚在一起，形成了在炽热大地上绵延数百公里的熔岩河。,,,,
planet_ithaca,CUSTOM,"Ithaca 是一处古老且干旱的世界，虽然几乎不存在磁场，但依旧被天苑四-乌托邦地貌改造集团评定为适合地貌改造的候选之一。在沉寂了数十亿年后，随着 Penelope 星系的开发热潮，Ithaca 和它的兄弟星 Ogygi 的地貌改造进度得到了推动，直到 ""大崩塌"" 将这里推向了混乱的深渊。",,地表扫描显示了几处零星的临时驻地，推测是行星实验室、地质调查点和一些露天矿区。微型自动气象站偶尔会传来一阵短暂且无意义的信号，实际上这些仪器早已被沙尘暴损毁，毫无用处。,,
planet_ogygia,CUSTOM,一个小型贫瘠世界，有着灾难般的地表条件与近期陨石撞击所留下的明显痕迹。当它的比邻行星 Ithaca 还处于基础设施的建造阶段时，Ogygia 被认为是值得地貌改造的次级候选之一。然而 大崩塌 的来临为这一切设想都画上了句号。,,一个巨大的撞击事件将 Ogygia 的整个半球拍成低于平均海拔数十公里的固化岩浆海。除了被夷平的地基，这里几乎没有人类活动的痕迹，但奇怪的是，在一处大裂谷的底部，居然躺着一艘只剩下半边残骸的攻势-级战列舰。,,
station_telepylus,CUSTOM,一个巨大的轨道站，以一艘古老的的扩张时代  孢子母舰 为核心演变而来，外围覆盖着模块化机库、工业吊舱、居住环带。这个轨道站曾用作小行星驻地保障船以及移动式炼油平台在星区外围的集结地，如今只剩下一片死寂。,,"主反应堆和有价值的工业部件都已被掠走，从受到的破坏程度来看，当时情况应该十分混乱，且被动备份系统也在混乱中遭到破坏。由于与主体过度分离，使无法收集足够能源的维生系统早已停止工作。你的导航计算机发出警告：这个空间站已经步入死亡，它将在 500 个标准星历年内坠入 Telepylus 的大气层中并被烧毁。
无法登陆该空间站。",,
planet_ismara,CUSTOM,一颗寒冷的冰冻行星。Ismara 是建立开采设施与质量投射设施的绝佳地点，有能力发射兆吨级由石墨烯所包裹保护的水与氮气，供应给 Penelope 星系内部的宜居星球。,,线性质量投射器的痕迹在轨道上依稀可见。但经过仔细地扫描就会发现，这些蜿蜒的长线只是些埋在热混凝覆土下的维护段通道，其中的超导线圈与其他任何有价值的硬件早已被掠夺一空。同样地，曾为核聚变电站与工厂建设的穹顶建筑破开了大口，内部暴露在稀薄的大气中，和周围早已死寂的居住网格区一起被逐年堆积的甲烷积雪逐渐被覆盖。,,
planet_nortia,CUSTOM,由金属和硅酸盐组成的没有显著特征的大型矮行星，被重力捕获在 Salus L4 稳定点。Nortia 曾因周期性的自动化机器人采矿作业与药物滥用而名声在外，但在 Askonia 危机期间很快被难民潮所淹没，进而变成了本星系最具规模的 宪章运动组织 基地。,,自 Askonia 危机爆发以来，Nortia 的开采与提炼中心已经呈蔓延式发展，如肿瘤般挤满了岩地的郊区。地下的采矿通道连接着地表上的通讯阵列、太阳能集热器以及压力仓。Nortia 的民事治理是建立在 宪章运动组织 与伪装成合法政府的独立走私者联盟脆弱的协议之上。这里甚至还有一处 霸主 的大使馆。,,
planet_druj,CUSTOM,一个死寂荒芜的世界，有着能产生强大磁场的金属地核。Aka Mainyu 释放出的离子风暴不断侵袭着 Druj 的地表，吹走表层挥发物，还在其表面留下了呈弧形的纳米铁风化层。,,,,
planet_aka_mainyu,CUSTOM,Aka Mainyu 被它所环绕的恒星潮汐锁定。这颗高热气态巨行星的向阳面完全被一个炼狱般永无休止的巨型漩涡所覆盖，其中足以气化金属的高热狂风速度可达数千公里每小时。每一秒都有数十万吨电离气体被炸出它的大气层，形成复杂的漩涡状磁尾，在 Duzahk 星系内的任何地方都能被检测到。,,,,
toxic_cold,PLANET,被乙烷、甲烷云和氮气雾所笼罩的冰冻世界。表面由被侵蚀的水冰、充满有机化合物的风化丘以及烃海所组成。而在地幔深处，一些参杂着甲烷的液态水，衰败的放射性元素，都被潮汐力加热后由冰火山口喷发而出。,,,,
slipstream,TERRAIN,一种超空间滑流，类似于旧地球上古代海员航行时遭遇的洋流。,,,,
nebula,TERRAIN,由氢、氦和星尘组成的星际云，会产生显著干扰传感器的噪声并影响驱动力场，也为不怀好意者提供了藏匿地。,,,,
event_horizon,TERRAIN,黑洞视界附近存在着难以想象的高引力。,,,,
pulsar_beam,TERRAIN,强辐射下的相对论磁化射流，通常由中子星发射而出。,,,,
corona,TERRAIN,包围恒星的光晕，由高温等离子气体组成。多数舰船无法长时间暴露在极热的日冕和辐射下，被持续照射会受到伤害。,,,,
corona_aka_mainyu,TERRAIN,包含高能粒子和极强的磁场波动的风暴。多数舰船无法长时间暴露在如此狂暴的辐射下，被持续照射会受到伤害。,,,,
asteroid_belt,TERRAIN,含有大量小行星的轨道区。,,,,
ring,TERRAIN,稠密的星尘与冰块形成的环状带。所产生的传感器噪声可帮助舰队藏身。但它们没有足够的密度影响来影响舰船航行。,,,,
debris_field,TERRAIN,战斗或打捞作业所产生的残骸区，漂向重力稳定的位置然后聚成一处。,,,,
asteroid_field,TERRAIN,一团挤满了小行星的区域。,,,,
magnetic_field,TERRAIN,一种捕获大量高能带电粒子的强磁场区域。陷入其中会使驱动场受到干扰，且强大的辐射和磁场也会摧残传感器。,,,,
hyperspace_normal,TERRAIN,这种异乎寻常的拓扑结构介质被飞船用于避开光速限制的星际旅行。,,,,
hyperspace_deep,TERRAIN,这片超空间区域极度混乱，甚至会影响专为超空间航行而设计的设备。,,,,
hyperspace_storm,TERRAIN,"这片超空间区域正处于混乱的相位偏移状态，导致谐振级联反应大幅波动。这种被称之为 ""超空间风暴"" 的古老恶兆被无数代星际舰长们口口相传延续至今。",,,,
stellar_mirror,CUSTOM,反射和集中太阳能的超轻轨道镜面阵列。这是一种常见的地貌改造工具，在 人之领 扩张期间，天苑四-乌托邦地貌改造集团 将此类技术带上了巅峰。,,,,
stellar_shade,CUSTOM,偏转和收集太阳能的超轻轨道镜面阵列。这是一种常见的地貌改造工具，在 人之领 扩张期间，天苑四-乌托邦地貌改造集团 将此类技术带上了巅峰。,,,,
hyperspace_wavefront,TERRAIN,TODO,,,,
kite,SHIP,"风筝-级空天穿梭机是一种常见的民用设计方案，它每天都在向人们彰显着轨道工厂制造公司在航空设计领域的显赫声誉，即使是在太空旅行时代，其优秀的航空设计能力依然保有相当的专业价值。这种结构紧凑的航空航天两用飞行器具有流线型外观，能在大气层中高效飞行。其布置精巧的短脉冲式姿态控制推进器能在德尔塔级AI子系统的协调下确保降落过程在任何情况下都能平稳顺畅 (作为一大市场卖点，轨道工厂制造公司专门发布了全息广告，内容由一对衣着光鲜的情侣手握一个几乎要满溢的酒杯所组成)。对这个大小的民用船来说，风筝-级的引擎十分强劲。不过在未开启机动推进器时，其零重力环境下的机动性能仍有所欠缺。

在 大崩塌 后的危险时期里，风筝-级的豪华观景圆顶不仅被改造成防御炮塔，且两侧的辅助姿态喷口也被替换成不会对其弱反应堆造成压力的导弹系统 。尽管难以在不相上下的战斗中获胜，但只要时机恰当，它有时也能出乎意料地猛咬对手一口，然后以速度优势从海盗手里逃脱。卢德左径 甚至用配有打击武器的该舰去攻击没有配备武装的货舰，然后靠辅助推进器迅速逃离，避开来自为目标护航的船只的怒火。",F,,,
gryphon,SHIP,"能提供强力火力支援的高机动性平台。由于难以独自进行前线作战，因此往往需要护航编队来提供保护。

在""巡洋学派""思潮中由 牵牛星科技 设计出的狮鹫-级是""大崩塌""前夕才出现的全新设计，填补了战略打击学说中不可或缺的最后一块拼图。人之领 时代的战术手册表明，其意义在于可使特遣部队指挥官迅速集中重火力，在友方突击型巡洋舰或驱逐舰的掩护之后造成毁灭性打击。

凭借内置于船体构造中的导弹自动工厂，它可在战斗中利用纳米机迅速将预置的原材料转化成导弹并装填至武器中，因此使该舰拥有了难能可贵的持久性导弹火力。由于这个过程中会产生高额幅能，所以把狮鹫-级交给会一边用护盾抵挡炮火一边开启纳米机的鲁莽舰长是极不明智的行为。",,,,
hammer,WEAPON,"大崩塌 前曾在民用领域被普遍使用的一种由小行星矿工所用炸药，经粗劣地军事化改装制成的非制导鱼雷。经常被手头紧缺的雇佣兵、海盗所使用，同时也是那些极度缺乏军用装备的舰长们所首选的打击武器。由于 卢德左径 的 ""战舰"" 上常常堆满这些玩意，而这也给它带来了一个宛如亵渎一般的绰号：""卢德之锤""。",,,,
hammer_single,WEAPON,"大崩塌 前曾在民用领域被普遍使用的一种由小行星矿工所用炸药，经粗劣地军事化改装制成的非制导鱼雷。经常被手头紧缺的雇佣兵、海盗所使用，同时也是那些极度缺乏军用装备的舰长们所首选的打击武器。由于 卢德左径 的 ""战舰"" 上常常堆满这些玩意，而这也给它带来了一个宛如亵渎一般的绰号：""卢德之锤""。",,,,
hammerrack,WEAPON,"大崩塌 前曾在民用领域被普遍使用的一种由小行星矿工所用炸药，经粗劣地军事化改装制成的非制导鱼雷。经常被手头紧缺的雇佣兵、海盗所使用，同时也是那些极度缺乏军用装备的舰长们所首选的打击武器。由于 卢德左径 的 ""战舰"" 上常常堆满这些玩意，而这也给它带来了一个宛如亵渎一般的绰号：""卢德之锤""。

大锤鱼雷发射舱是一个数量胜于质量的典型例子。",,,,
squall,WEAPON,"这种中程反护盾导弹旨在战斗开幕阶段，迅速瓦解那些处在开阔区域内的敌舰护盾。并在暴风骤雨般的打击后，为紧随而来的反装甲火炮弹幕提供重创目标的机会。

其独特的弹药供给系统能像换弹夹般迅速更换装载有 20 枚风暴火箭弹的弹药舱。但高度复杂的弹药舱与娇气的自动装弹机让这一重装过程的失败率非常之高，因此为提高稳定性，而导致它的上弹开火等流程的所需时间高于 人之领 海军的基本要求。尽管如此，暴风 MLRS 仍是一种可怕的武器系统，因为它的压制火力能让那些过于依赖护盾，而未配备足够点防武器的舰长们做出艰难抉择，是关闭护盾来承受反装甲弹幕的打击，还是屈服于火力之下并直至反应堆过载。",,,,
locust,WEAPON,"大型近程导弹系统，旨在营造大量弹幕来淹没敌军战机联队。蝗虫也可用来对付大型目标，但除非目标的护盾和装甲已被破坏，否则将收效甚微。

该武器可在一轮齐射中发射 20 枚小型导弹。其简单实用且低功耗的单体追踪系统，能在分布式运算系统的协调下完美地紧咬目标，并利用微形化学矫态推进器，来在短时间内提供最佳的机动性能。蝗虫导弹的目标追踪算法基于久经考验的蜂群导弹，而这也保证了它们极少脱靶，并在战机飞行员的噩梦中占有一席之地。",,,,
forgevats,SHIP_SYSTEM,一种内置构建的纳米机系统，可以在战斗中将预置的原材料迅速转换成弹药。由于这个过程会产生巨额幅能，因此在承受火力压制时开启纳米机并不可取。,特殊,瞬间补充所有导弹，使用时产生巨额幅能。,,
starliner,SHIP,"来自文明时代的游轮，姆巴耶-果戈尔 440 型星际线-级旨在让乘客舒适且迅速地在 人之领 星系间旅行。它的内部不仅设有私人头等舱、两种等级的用餐服务、零重力剧院，甚至还有用于停靠或发射的小型飞行甲板以便专门接送政府要员。当然，作为一艘民用舰船，该甲板通常来说无法修复或整备战机。

拥有合格的前置护盾来确保乘客们的安全，并保护船体免于在航行中遭到陨石或某些太空垃圾的破坏。它现如今还被轻度武装化，配备了全波段热诱弹发射器和一些小型炮塔，不仅能阻止小规模海盗突袭，还能在那些常被唤起冒险心的勇敢乘客们之中收取一笔不菲的""弹药附加费""。",,,,
nebula,SHIP,"为了确保可观的载货量和人员运输力，姆巴耶-果戈尔 430 型星云-级看起来确实有些丰满以及笨拙，很难让内部的乘客们产生星际旅行的独有浪漫。尽管如此，自从星云-级被悄悄投入一线生产后，它就以绝对优势垄断了星域中所有的中端客运服务。

星云-级依靠合格的前置护盾发生器来确保乘客们的安全并减少电镀装甲的维护频率。同时还配备了全波段热诱弹发射器和一些小型炮塔。毕竟作为公共客运行业，乘客的安全才是运营商的首要职责。",,,,
mudskipper,SHIP,"弹涂鱼-级是常见的星系内摆渡船，但也具有星际航行能力。该舰级没有内置护盾发生器，因此只能依靠对民用级而言勉强算坚固耐用的装甲保护乘员和货物的安全。弹涂鱼-级没什么能指望的战斗表现，但它还是设置了一个后置防御炮塔，来抵御日益流行的火蛇导弹。

MGA-220 的第一批产品被命名为 ""天马""，不过很快就被正式更名为更谦卑的 ""弹涂鱼""。这种坚实的小船在几个世纪以来一直是落后地区的民用运输主力。尽管它其貌不扬，但坚固可靠的结构简化了它的维护难度，而巨大的舱门也使它具备了多样化的功能。它有些超乎常理的全息广告镜头非常深入人心，奠定了弹涂鱼-级是一艘向风景如画的干旱行星运送成群牛羊的运输艇的公众印象。",,,,
scarab,SHIP,"圣甲虫-级是由 速子科技 开发出的一种罕见的实验性船体。且仅有数艘原型舰被生产出来。

从前，任何违反因果论的技术都遭到了 人之领 的严令禁止，而这则禁令依旧被 霸主 延续至今并获得 卢德教会 的支持。然而，从旧星门系统到 FTL 超空间旅行与通讯技术，任何源自星际人类文明基础的附带产物，显然是无法控制的。速子科技 不仅总是奋斗在科技的最前沿，而他们永无止境的求知欲也难以避免地会与法律发生冲突，比如首当其冲地发展了相位空间技术，以及 ""时流之壳"" 战术系统。

不过，圣甲虫-级操纵时间的原理并不复杂，它只是避免将时空的参考系指向为当前时空而已。这种看起来像是滞缓外界时间的效果，在卢德神学家和外行人眼中是十分令人不安的。当然人们必须避免用该方式说明，以防止被专门研究这种怪事的应用时空学家听到，不然他将会来一场冗长的术语矫正会。",,,,
centurion,SHIP,"坚固的重型护卫舰，根据第十四战斗群所实行的 人之领 设计理念，使百夫长-级成为了填补和维持战线空白区域的重要角色。

百夫长-级的价值很大程度都取决于它的多功能性，依靠充足的混合炮塔与集成的阻尼力场战术系统，使其在与敌舰正面交锋时抵抗大量火力。",,,,
wayfarer,SHIP,具有重型护卫舰水平的优秀装甲和武器装备，远行者-级绝非航行于文明星域中(或者，至少由专职战斗舰护航的)那些追求经济效益的脆弱货舰。不，远行者-级是在边境独行的星舰，无论是航行在紧急态势随处可见的星区之间，或是身处于匪帮路霸遍地游荡的空域之中，唯有在己方炮塔火线交织的射界之内，才能觅得冷酷星域中独一无二的温馨之所。,,,,
ionpulser,WEAPON,"加强版离子炮，拥有足以在交战时迅速瘫痪敌舰系统与引擎的巨量 EMP 效果，并产生严重损伤着弹点附近模块的电弧。

离子脉冲的非标准增益介质通过三组旋转直线加速器装置来将重子物质高度离子化，当离子团击中目标时，将会产生局部电磁场，并为周围包括传感器、燃料点火器、定位模块、计算机在内的所有电子设备带来灭顶之灾。尽管该武器会熔断某些电路，对护盾产生轻微应变，但所造成的永久性伤害几乎可以忽略不计，所以很少有人会在自己的船上装满这些玩意。",,,,
ionbeam,WEAPON,"离子束是一种远程支援武器，能产生穿透护盾的破坏性电磁脉冲弧，频率随目标硬幅能水平上升而提高。但较高的幅能成本限制了压制效果。

离子脉冲被交付至 Chernabog 试验场后，射击试验和战术模拟判定该武器并未达到比莱空间在最初竞标时所宣称的性能，且不符合委托方所要求的定位。在运输费中扣取一笔罚金后，工程师们被要求重新设计一种射程能远到从战线后提供支援的充能型能量武器。六个月后，他们如约交出了离子束这份满意的答案。

离子束基于一种尖端的增益模式理论，这可以理解为利用高维投影以影响正常空间。虽然难以制造，但是这种独特的结构能将高度电离的重子物质以一种相干光束的状态进行远距离投射，对各种电子器件 (包括传感器、燃料点火器、定位模块、计算机等) 造成严重破坏，然而造成的永久性损伤几乎可以忽略不计。当离子束所作用的目标拥有较高的硬幅能时，因带电粒子的级联堆积而干扰了护盾的常规扩散循环，有可能会产生一种可穿透护盾的高能弧型电荷。",,,,
mora,SHIP,"莫拉-级是在 人之领 海军学说以航母作战为主的时期，用于搭载盛行的利爪-级截击机而被广泛应用的航母。尽管它的装甲能承受与攻势-级并肩作战时的满天战火，但随着海军教条转而倾向使用重型火炮，以及利用线列巡洋舰掩护主力舰来主宰战场走向的时候，莫拉-级被大量除役。

随着民用版莫拉-级被大量出售，也让这艘坚固可靠的航母在 人之领 边境地带被当作移动工业平台，以广泛应用于远程测量、采矿、建筑、无人机修理等领域。甚至某些偏远地区会将其半永固在行星表面以充当武装发电站和临时工厂，并以此为中心建立了一处全新的定居点。

大崩塌 后，无数莫拉-级船体被以快得令人生疑的速度，被没有专用航母的势力重新武装化了。迄今为止，这艘坚固的航母如同铁锭一般击碎了不知多少粗心的海盗军阀。",,,,
accretion,TERRAIN,一条由岩石、尘埃和气体组成的河流，不断地向内旋转着走向消亡。,,,,
planet_gelan,CUSTOM,"相对比较庞大的行星。由于环绕 Mayasur 恒星的轨道半径较小，恒星风带走了 Gelan 大气层中的轻元素，只剩下二氧化碳和二氧化硫。此地的重力极高，还有大量有毒气体侵蚀着毫无保护的地表，并产生了无法控制的温室效应，因此只能用 ""极其恶劣"" 来形容 Gelan 的地表环境。",,,,
planet_mairaath,CUSTOM,大崩溃后 82 星历年，Mairaath 在 卢德左径 发起的协同作战行动中沦为焦土。这些狂信徒将 Mairaath 精美绝伦的轨道城市太空站化作武器，砸向了它经过梦幻般精密的地貌改造后的地表。如今这里只剩下满目疮痍。曾被 Mayasuran 地貌改造集团 精心调整过的气候模式，演变成了梦魇般的风暴席卷全球，永无止境地在这颗惨遭蹂躏的星球上搅动着它的骨灰。,,即使经历如此灾变，人类依然顽强地生活在 Mairaath 的地表。宏伟的城市如今仅剩残躯，幸存者挤在废墟中，躲避无休止的风暴。,,
derelict_probe,CUSTOM,在 人之领 统治时期发射的无人探测器。这些数量庞大且遍布星域的探测器其目的在于：为当时的人类帝国寻找可利用的资源或可供殖民的星球，并探索未知星域。除了标准版本，其中一些变种版都是交给了全自动化勘探母舰制造而成。可能遭受过轻微碰撞，这个探测器看起来并不活跃，从外壳几处呈彩虹色的辐射刮痕不难看出，其制造时间甚至可以追溯到数千年以前。,,,,
derelict_surveyship,CUSTOM,在 人之领 第一次大拓展热潮中被制造出来的勘探舰。除了少部分跟随第一波无人探测器与勘探母舰正常出航，其它数以万计像这样的舰船因 大崩塌 的突然到来而被永久废弃。这艘显然已经失去运行能力的残骸在带电粒子与星际尘埃的高速冲击中被蹂躏了数个世纪。,,,,
derelict_mothership,CUSTOM,具有传奇色彩的勘探母舰，这艘庞大的自动化工厂是 人之领 扩张时期用于探索星域与殖民化的重要工具。因具备自我修复、自动补充任务所需耗材以及制造小型无人探测器的能力，因此这种勘探母舰本质上是一种冯·诺依曼探测器。如今这艘为 人之领 服务了数个世纪的母舰早已被烧毁，只留下一副巨大的残骸漂浮在宇宙之中。,,,,
station_derelict_survey_mothership,SHIP,具有传奇色彩的勘探母舰，这艘庞大的自动化工厂是 人之领 扩张时期用于探索星域与殖民化的重要工具。因具备自我修复、自动补充任务所需耗材以及制造小型无人探测器的能力，因此这种勘探母舰本质上是一种冯·诺依曼探测器。如今这艘为 人之领 服务了数个世纪的母舰早已被烧毁，只留下一副巨大的残骸漂浮在宇宙之中。,,,,
derelict_gatehauler,CUSTOM,携带着星门的巨型运输舰，旨在为当人之领 的广袤星域建立起能瞬间跨越整片浩瀚世界的星门。星门运输舰将在宇宙空间中航行数百年，然后在目的地设立星门，让 人之领 的璀璨文化与繁荣经济触及到任何一片星系。为了应对潜伏在边缘星域里蠢蠢欲动的反抗军势力，星门运输舰配备了强大的自动防御系统。,,,,
derelict_seedship,CUSTOM,孢子母舰的任务是在有望进行地貌改造的行星上播种生命。舰船携带了一整套用于维持星球宜居改造环境的生命形式，从耐寒的地衣到简单的藻类，再到该星球的环境逐渐改善后才能通过低温仓空投释放的高级生物。当孢子母舰离开星球之后，会从小行星中收集材料制造新的地貌改造基础套件，随后前往下一个目标。,,,,
derelict_cryosleeper,CUSTOM,传奇般的巨型星舰，该型舰船曾满载 人之领 核心星系的数百万移民，驶向从人马座旋臂到猎户座旋臂的漫长边境。它已在英仙座旋臂的偏远荒滩孤悬了数百年，本应抵达新世界的乘客仍在低温中沉眠。传感器检测到微弱但令人安心的电磁信号：冬眠仓仍在运转，此地并非冷寂的坟墓，只是远行中的暂歇。,,,,
coronal_tap,CUSTOM,这种巨型结构曾经是人之领工业产业的力量之源，将人类的文明的卡尔达舍夫等级推向了第二级。它能直接从链接的恒星处提取难以想象的庞大能量。一旦在失去对激活的星冕分流器的控制后没有及时按照相应规程进行关闭处理，后果将是毁灭性的。,,,,
cargo_pods,CUSTOM,一堆漂浮在太空中的货舱，可能包含些有价值的货物，甚至是被冷冻的幸存者。,,,,
cryopods,CUSTOM,一堆漂浮在太空中的冷冻舱，可能包含数名被冷冻的幸存者。,,,,
supply_cache,CUSTOM,一处可能早已被遗忘的漂浮储物点，也许包含补给、武器或其它设备。,,,,
weapon_cache,CUSTOM,经过扫描，这些漂浮的货舱包含了一些可供舰载的武器装备。,,,,
,,,,,,
,,,,,,
mairaath_station1,CUSTOM,在 82 星历年的 Mairaath 袭击中被摧毁。曾经繁荣的生态空间站，如今只剩一副冰冷的残骸在自身碎片的环绕中，静静的矗立于轨道之上。,,,,
mairaath_station2,CUSTOM,"这处规模庞大且残破不堪的轨道城市曾是 Mairaath 上引以为傲的三体生态空间站之一。因遭到一艘普罗米修斯-级油轮的撞击，导致其拖着满是聚变火焰与放射性尘埃的尾迹被甩出原轨道。从那之后这里就被一群拾荒者接管，并迅速成为海盗们的天堂。空间站主体结构仍散发着强烈辐射，但居住于此的难民、疯子与强盗们似乎毫不在乎并把这里称之为 ""甜蜜的家""。",,,,
planet_mazalot,CUSTOM,作为 Zagan 星系中的文明中心，Mazalot 确实显得太过贫穷且不稳定，在处理人口主体卢德教众的问题上，数个独裁政府如走马灯般交替上台。虽然这里的水资源比较匮乏，但这颗行星依旧是一个地貌改造的成功案例。由于异常强大的磁场，无论是建设还是维护轨道基础设施都非常不方便，但这对拥有独立思想的民众来说不是什么问题。,,尽管 Mazalot 是 Zagan 星系的主要人口聚集地，人口数可排入整个 英仙座星域 的前列，却也还是 英仙座联盟 内部最松散薄弱的环节。政变与代理战争在此地司空见惯。尽管偶尔会有仁慈的政府上台，但在联盟与其他主要派系之间的长期博弈中，这些温和派掌权者随时都会成为弃子。,,
planet_yesod,CUSTOM,寒冷、寂静、被冰川覆盖的世界。由 英仙座联盟 管理并保护其燃料设施。由于大崩塌后持续缺乏资本投资，当地的燃料生产从未达到满负载状态。尽管遭到 Mazalot 新政府的反对，但自由贸易政策依然作为安抚众多民用供应商的无奈之举而被制定实行。,,,,
planet_ilm,CUSTOM,无论谁统治着 Mazalot ，他们都会利用 Ilm 的冰原和生产设施大赚特赚，并为贫穷的 Zagan 星系不分昼夜地注入资本的力量。大批来自 Mazalot 的青年受此地吸引并来此工作，将他们的薪水寄给远在天边的家人，且多数将最终在他们的卢德修业之道上误入歧途。秉承着这种精神，当地政府避开了多次的围剿和战乱。毕竟无论是谁统治着 Mazalot，在这个自由且独立的世界里，赚钱都是第一要务。,,,,
planet_salamanca,CUSTOM,浓密的氮雾降下由烃类物质组成的雨，落在 Salamanca 所剩无几的几处水冰山上。山脚下脏兮兮的居住穹顶建筑周围，武装工人络绎不绝。他们驱赶着工用无人机去维护有机物萃取车间与精炼工厂。如今这里所有产业都归于一个被流放的旧 Mazalot 政府/犯罪集团所统治。,,这处最开始有着巨型企业背景的资源开采点，如今被一支忠于旧 Mazalot 政府的小舰队所强占。尽管他们一直试图通过重新加入 英仙座联盟 来获得合法地位，但因他们现在与犯罪网络有着密切联系，而遭到联盟中绝大数成员的反对。,,
planet_kazeron,CUSTOM,Kazeron 曾是一颗拥有金属核心的气态巨行星，但它的整个大气层都在一场古老的天灾中被炸飞，进而变成了拥有丰富特殊重金属矿藏的行星。尽管无法进行地貌改造，但它依旧成为了 人之领 的重要工业中心，如今这里所有的自动化工厂都归于 英仙座联盟 的旗下，源源不断地生产舰船、设备以及重型机械。,,Kazeron 一直尽职尽责地源源不断为 英仙座联盟 输送军用战舰和训练有素的军官。此地的军工生产传统深植人心，一直是联盟军力不可或缺的核心部分。,,
planet_eldfell,CUSTOM,没有大气层的荒芜世界，因其异常活跃的超级火山群而闻名于世。此地稀薄的大气完全通过火山作用而再生。,,丰富的矿石是从 Grettir 超级火山群附近分散的特许矿井中提取出来的。此地主要的定居点基本都建立在已经休眠的死火山下方，而且主要为自由机器骑师与技术支持人员提供居住环境。这颗星球与其它多处工业区都由 Kazeron 所主导的工业综合体协议管理。,,
station_thulian_raiders,CUSTOM,Thule 星系里充斥着勘探者与个体矿工，他们为了摆脱 Kazeron 军政统治者的强权，而在被气云与矿石所包围的环状带上建起了 Thulian 空间站以寻求独立。这些团结一心的人们如今为寻求更大的利益而开始干起非法的勾当，因此只要这片星系还有人居住，来自 Thulian 的掠夺者就会让 Kazeron 的统治者头痛不已。,,,,
planet_horn,CUSTOM,拥有超大质量的岩质行星，Horn 尽管具有丰富的矿床，但因极高的重力、剧烈的地震、大量可随时爆发的火山、以及陨石的袭击，不仅阻碍了人类在此定居，甚至是经济资源的开采都是极其困难的。,,,,
planet_athulf,CUSTOM,Athulf 卫星的由来，很可能是 Horn 在早期形成阶段遭到其它天体的剧烈撞击所分离出的物质。它与母行星的元素成分类似，因此能从它的矿井里轻松获取难以在 Horn 上获得的矿物与重元素。它是 人之领 早期殖民 英仙座星域 时最早开发的星球之一。,,Athulf 自古以来都被认为是 Fikenhild 国王的私人财产，如果某一任国王恰好不善于敛财，那么此地将成为此人的重要收入来源。奢靡的宫廷服饰暗示着此地王权应尽的贵族义务，Athulf 的臣民们也自发地构成了一股重要的支持力量，来为善待他们的当权国王提供选举票数。但合久必分，当罢工与暴乱打破 Athulf 的平静，这就意味着 Westernesse 星系将很快迎来新王的登基。,,
planet_fikenhild,CUSTOM,这颗小型海洋行星是 Westernesse 星系的政治中心、Westernesse 国王的朝廷、联盟的核心成员之一。那五座漂浮于 Fikenhild 海洋之上的巨型生态城永远繁华喧嚣，且因数十家竞争激烈的全息娱乐工作室坐落其中而广为人知。,,"Westernesse 星系有着由民选 ""国王"" 进行统治的传统。此人将负责主持御前会议，于廷上处理政事要务并履行司法裁决。而这些公务都将作为本星系民众的的重要娱乐节目被全程直播。人们认为，Westernesse 的国王应当具备明智、公正的特质，但最重要的还是要有娱乐精神。在该星系中任何潜在的出格行为都将受到大众文化的制约，主流群众则絮絮不止却又多愁善感。甚至，即使再强大的国王，也可能被善变的人心与某些恰到好处的负面流言所激起的反抗而撼动。",,
planet_suddene,CUSTOM,Suddene 是一颗水文循环无法封闭维持的沙漠行星，最初被归类为次级地貌改造候选行星。大崩塌 前地貌改造生成的海洋如今正缓慢渗入深层地下水层，导致其面积逐渐缩减、盐度逐渐升高，且导致在其环境内生存的基因改造磷虾逐渐步入灭绝。据估计，该行星的生态系统将在一两个世纪内彻底崩溃。在 Fikenhild 的全息小说中，Suddene 的原住民通常都被描绘成背负着宿命的浪漫主义者。,,因当地政府将所有资源都集中在纯粹的生存上，所以过去曾用于进行地貌改造的水上列车与收集冰彗星的空间站均在 大崩塌 后被迅速拆解回收。由于当地缺乏必备的基础居住设施，导致 Suddene 只得不情愿的屈服于 Fikenhild 所制定的经济规则与政治事务。而最近 Westernesse 星系的国王因开放了投票权，而将 Suddene 内的反对派变成了政治制度的顽固破坏者。,,
planet_ailmar,CUSTOM,现如今已是一个寒冷而令人生畏的世界，但 Ailmar 曾是因为具有活跃的火山活动才被孢子母舰选中并播种。当第一批殖民者抵达 Westernesse 星系时，他们发现这颗行星已被冰雪侵蚀而死寂沉沉，不过在其火山周边的山谷与峡谷间却存由六型基改松组成的落叶松林。尽管 Ailmar 的生活异常艰苦且困难重重，但生命仍将在其上存续。,,在 大崩塌 前就已实现工业化，Ailmar 在多方星系外敌对势力的阻挠之下，至今仍独立于 Westernesse 王朝统治之外。这些系外势力主要包括 卢德教会 和某些海盗组织，其中最臭名昭的莫过于曾与 Leonis 军阀组成了临时联盟。在 Fikenhild 的全息娱乐作品中，Ailmar 星人通常都被描绘成坚忍狡诈的反派。,,
planet_madeira,CUSTOM,"小巧、寒冷、但适宜居住的星球，由于被当时 人之领 的殖民规划者评定为 ""微不足道""，因此这里也仅仅保留了一处古老的燃料生产设施。有趣的是，在 Madeira 的地表上，那些被大规模风暴所席卷过的冰层裂缝中，发现了一些荧光伪藻以及奇异的挥发物。",,鉴于 Madeira 总是依靠外部的经济援助，因此这里对 人之领 的忠诚是毋庸置疑的。随着 大崩塌 的到来，这个人口不多的世界，成为了 英仙座联盟 创始成员之一。,,
planet_satanazes,CUSTOM,主要由氢与氦所组成的高热气态巨行星。因过于靠近其母恒星，且大气外层是由一氧化碳与碱金属组成，Satanazes 形成了色调偏暗但正不断发光的奇异斑纹。,,,,
planet_canaria,CUSTOM,Canaria 是一颗被稀薄的水、氨和甲烷云所覆盖的冰态巨行星。因高重力而产生的巨大压力，使其在最深处形成了一个金属氢地核。这颗行星处在 Antillia L4 稳定点上，因而能在双星系统中保持稳定。,,,,
planet_cibola,CUSTOM,一个地表曾遍布着古火山的古老世界，这些火山因长期受热风侵蚀而变成了一片难以辨认原样的广袤沙漠。因地下含水层保留有一定的水资源，所以一些罕见的峡谷地区仍有少量植被围绕着盐海生长。,,数世纪以前，一艘人类殖民时代早期的孢子母舰遇到了 Cibola，当时 Cibola 刚刚经历了一系列不寻常的富冰天体撞击，这使得其环境暂时偏离正常状态，更加凉爽潮湿，所以被孢子母舰定性为可殖民。此后数世纪的历史均已散佚，后来抵达英仙座星域的 人之领 殖民者，只发现了一颗垂死的行星和一个挣扎求生的卑微、落后、绝望的人类文明。自那时起，这里的条件几乎没有任何改善，大多数 Cibola 人已经背井离乡，如今这里只剩下一批希望离开此地却无能为力的人们。,,
nebula_center_young,PLANET,由星际空间中的气体与超新星抛射物质结合成的一团巨大的粒子云。在引力与辐射的不断作用下，这团星云慢慢收缩、聚集、并终将在某一天诞生出新的恒星。这片星云是最近才形成的，它所处的区域几乎全是正快速燃烧的不稳定恒星，基本不会出现能维系生命的宜居行星。,,,,
nebula_center_average,PLANET,由星际空间中的气体与超新星抛射物质结合成的一团巨大的粒子云。在引力与辐射的不断作用下，这团星云慢慢收缩、聚集、并终将在某一天诞生出新的恒星。,,,,
nebula_center_old,PLANET,由星际空间中的气体与超新星抛射物质结合成的一团巨大的粒子云。在引力与辐射的不断作用下，这团星云慢慢收缩、聚集、并终将在某一天诞生出新的恒星。这片星云所处的区域更加古老，充满缓慢燃烧的稳定恒星，且拥有更多能维系生命的宜居行星。,,,,
planet_yama,CUSTOM,尽管在天苑四-乌托邦地貌改造集团的调查报告中，Yama 仅仅被评为最低级别的殖民价值，但附近 Nachiketa 上燃料设施的兴建促发了对 Yama 的地貌改造与殖民热潮。不幸的是，在经历过第一次 AI 战争的破坏之后，这里彻底成为了一颗不受重视的次宜居行星。,,,,
planet_nachiketa,CUSTOM,由 人之领 官员选定，并将其作为英仙座星域的反物质燃料生产基地而开发建设，除了方便殖民舰队以 Naraka 星系为轴心对外扩张外，贫瘠的 Nachiketa 不具备任何突出的价值。工厂、港口等促进当地星际物流的基础设施如同藤壶般围绕着巨型武装半永固燃料厂建设起来。不幸的是，在第一次 AI 战争期间的一场重大战役中，针对反物质储备的战术打击严重破坏了附近的港口设施，尽管 霸主 取得了最终的胜利，但 Nachiketa 的产业以及基础设施依旧遭到了重创。,,,,
planet_epiphany,CUSTOM,"Epiphany 在被一名卢德邪教领袖选定为自己的 ""圣地"" 前只是个平静的采矿殖民地。尽管无数丑闻与一场刺杀为这个邪教画上了句号，但卢德信仰依旧在此地发展壮大。在第二次 AI 战争爆发期间，Epithany 的平民政府被 卢德左径 的狂热分子所推翻。现如今，所有原住民的基础设施都被 卢德左径 征用以供军事用途。",,,,
planet_kumari_aru,CUSTOM,Kumari Aru 是一个罕见的样本 —— 其无底云海之下有一个异星生态圈。尽管如此，早期的人之领勘探员对其的兴趣仅限基础学术程度，因此被分配的早期研究经费极为有限，仅足以对这些异星生命的生物化学基本原理做出简单解释。受 大崩塌 后卢德教会当政的影响，卢德信徒们认为这颗星球是一个神圣不可侵犯的圣地，仅允许外界对此地进行有限、被动的研究。,,,,
station_beholder,CUSTOM,最初由 人之领 的勘探员建立起的研究平台，但由于对 Kumari Aru 中异星生命的研究很难有实际的应用价值，因而一直缺少经费。大崩塌后，空间站的管理权被一个卢德教会牧师夺取，这处空间站也变成了卢德信徒们重要的朝圣之地。如今这里只有获取批准的学者才被允许进入，尽管在这个动荡的年代，学者永远都是稀缺资源。,,,,
planet_olinadu,CUSTOM,在经历了一次失败的夺权运动后，当地政府吸取了 Beholder 空间站事件的教训，与 英仙座联盟 达成一致并正式合并。尽管 Olinadu 人口不多，但这里依旧是联盟内重要的挥发物生产商之一。,,,,
planet_kanni,CUSTOM,因不满其收入，一个不知名的雇佣军公司利用第二次 AI 战争后的混乱局面，成功控制了拥有大型资源开采设施的 Kanni。从那以后，这处偏远的采矿前哨站就被全员强盗的轮换制委员会所掌控。原持有者随后将此地的掌控者告上了 霸主 的军事法庭，要求收回被非法占领的行星与设备，但却因 霸主 的置之不理而被无限期休庭。,,,,
station_laicaille,CUSTOM,作为著名军阀 Leonis 在本星系的征服之路上的另一目标，Laicaille 很快被盯上并沦陷，Leonis 将此地交给了他忠实的中尉管理并迅速离开。在一场 英仙座联盟 与 卢德教会 的边境冲突中，这位短命的统治者被由 Kazeron 无敌舰队支持的海盗王所推翻。这个 联盟 的新晋小成员依赖小行星勘探行业维持，如今由 Kazeron 所属的军工复合体控制。Laicaille 丰富的夜生活在这片星系里小有名声。,,,,
station_kapteyn,CUSTOM,这处庞大的零重力工业站，最初是为满足 天苑四-乌托邦地貌改造集团 的需求而建造，并且在之后数年内经历过无数次改建与大修。自从于 47 星历年被著名军阀 Leonis 以武力占领，它就开始不断被各路的海盗头子所轮番掌控。,,,,
station_groombridge,CUSTOM,Groombridge 在 47 星历年被著名军阀 Leonis 所占领，被命令统治此地的上尉极其腐败且残暴不仁。仅仅过了三年，那些有一技之长的商人、技工、居民就都逐一离开了，空间站的关键系统也因缺乏维护而完全失灵。那之后，此空间站内任何有价值的东西都被拾荒者们所带走，最终被彻底遗弃。,,该空间站的主反应堆已经陷入最糟糕的故障模式，根据标准安全机制，这必然是有人蓄意破坏导致的。你的辐射计数器不耐烦地滴答作响。,,
station_tiataxet_spacedock,CUSTOM,废弃的太空船坞。很可能因遭到重型武器的打击而被遗弃。这里可被检测到的数据基本都来自于空间站结构熔融物所产生的放射性尘埃。,,你最好不要尝试对接，因为这处空间站周遭漂浮着的松散碎片，甚至比它的主体结构还要多。,,
station_chalcedon,CUSTOM,废弃的造船厂，龙骨装配码头已经空置。从结构上那几处被轻型武器所射击过的不明显痕迹，可以大致判断出该空间站最近似乎被用于射击训练。,,忽明忽暗的暗红色紧急信号灯照亮了破碎的对接环。杂散的天花板瓦砾沿着一条弯曲的轴线向黑暗延伸了下去。这里没有任何生命迹象的存在。,,
planet_chalcedon,CUSTOM,当第一批人类殖民者到达时，被早期孢子母舰播种了地球生物的 Chalcedon 曾是一副郁郁葱葱的景象，但很快它就证明了自己并不是个宜居之地。星球本土的低等异种生物还只停留在单细胞形式阶段，顽强地生存在一些鲜为人知的生态环境中，这些物种理论上还随着小行星撞击射流的沉降与 Kumari Aru 之间发生过交流。季节性产生的巨型风暴团永无止境地肆虐，周期性地吹袭着途径的大地。这种猛烈的冲刷能为植物的生长提供丰富的滋养，但若是离开了那些少数有沟壑地貌保护的区域，有资格生存下来的就只剩下某些能在风暴间隙中迅速生长的植被。面对这种环境，人类殖民者则只能心怀敬畏与恐惧，更加紧密地相依而行。,,,,
spark,SHIP,坚韧且敏捷的无人截击机。火花-级没有需要保护的飞行员，因此它本应安装驾驶舱的地方被替换为一种微型护盾发生器。,,,,
lux,SHIP,拥有自主 AI 的重型战斗机，勒克斯-级配备了 IR 脉冲激光炮和热诱弹发射器，旨在混淆敌舰点防火力，以创造重创目标的机会。,,,,
flash,SHIP,拥有自主 AI 的战斗轰炸机，闪光-级凭借先进的感应空雷发射器，运用其相位震荡原理来近距离摧毁所有目标。,,,,
lumen,SHIP,"由 速子科技 公司开发出的 AI 舰队的遗留物。由于遭到 人之领 (和 霸主 ) 官方的明令禁止，并同时被当时的银河救赎教会所深恶痛绝，第一次 AI 战争见证了无人战舰被从星域中清除的全过程。至少正史是这么记述的。

流明-级是一种高速的多用途无人护卫舰。善于利用优秀的速度与多元化的武器来袭扰目标。高度智能化的 AI 使遭遇它的人类舰长头痛不已，而它所采用的狡猾作战风格甚至比寻常战术的建议最优解还要高超。",,,,
glimmer,SHIP,"由 速子科技 公司开发出的 AI 舰队的遗留物。由于遭到 人之领 (和 霸主 ) 官方的明令禁止，并同时被当时的银河救赎教会所深恶痛绝，第一次 AI 战争见证了无人战舰被从星域中清除的全过程。至少正史是这么记述的。

微光-级无人护卫舰善于利用自身充足的能量武器阵列保持长距离支援火力，来远程压制目标。
",,,,
fulgent,SHIP,"由 速子科技 公司开发出的 AI 舰队的遗留物。由于遭到 人之领 (和 霸主 ) 官方的明令禁止，并同时被当时的银河救赎教会所深恶痛绝，第一次 AI 战争见证了无人战舰被从星域中清除的全过程。至少正史是这么记述的。

光辉-级无人驱逐舰充足的正面火力使其在任何战场中都占有一席之地，它高度智能化的 AI 一旦分析出目标弱点，就会利用自身卓越的机动性来找准时机进行无情打击。",,,,
scintilla,SHIP,"由 速子科技 公司开发出的 AI 舰队的遗留物。由于遭到 人之领 (和 霸主) 官方的明令禁止，并同时被当时的银河救赎教会所深恶痛绝，第一次 AI 战争见证了无人战舰被从星域中清除的全过程。至少正史是这么记述的。

闪耀-级是一种能部署两队战机的无人航母。虽然它的舰体一般仅能配备轻型光束武器，但所搭载的导弹发射架依旧能带来不容小觑的威胁。",,,,
brilliant,SHIP,"由 速子科技 公司开发出的 AI 舰队的遗留物。由于遭到 人之领 (和 霸主 ) 官方的明令禁止，并同时被当时的银河救赎教会所深恶痛绝，第一次 AI 战争见证了无人战舰被从星域中清除的全过程。至少正史是这么记述的。

经典的高端 速子科技 产品，辉煌-级无人巡洋舰不仅配备了种类齐全的混合武器阵列。还拥有一种规模虽小但功能完善的飞行甲板，而这里也经常被认为是方便潜在顾客参观其内部构造的唯一入口。然而这显然只是愚昧之人的痴心妄想，毕竟作为标准的自律战舰，其内部不仅完全没有最基本的维生设施，甚至不存在容纳任何人类身体的空间。因其维修工作是交给一群半智能的无人机所进行的，所以预留了大量的、让这些小家伙们穿行的专用管道设施。",,,,
radiant,SHIP,"由 速子科技 公司开发出的 AI 舰队的遗留物。由于遭到 人之领 (和 霸主 ) 官方的明令禁止，并同时被当时的银河救赎教会所深恶痛绝，第一次 AI 战争见证了无人战舰被从星域中清除的全过程。至少正史是这么记述的。

一位浮夸自大的前 速子科技 副总裁纵容一帮海军工程师设计出的天蓝色蛮横巨兽。奇怪的是，在有关第一次 AI 战争中的所有官方与非官方的历史文献中，均未提到这种类型的战舰曾被生产或被使用，因为集成式相位闪现系统不可能在这种庞大的船体上稳定运作 —— 理论上，一旦系统启动，这种舰船就应该会陷入由无数瞬时子维度所构成的无限奇异态轮回中四分五裂。

但无论如何，它如今就身处此地。",,,,
remnant_station2,SHIP,"由 速子科技 公司开发出的 AI 舰队的遗留物。由于遭到 人之领 (和 霸主 ) 官方的明令禁止，并同时被当时的银河救赎教会所深恶痛绝，第一次 AI 战争见证了无人战舰被从星域中清除的全过程。至少正史是这么记述的。

全副武装且拥有自主意识的无人作战要塞，它一般充当无人机的燃料与物资补给仓库、机器人工厂、指挥部以及武器平台，并尽可能为附近无人机提供一切战略层面上的帮助。讽刺的是，第一次 AI 战争之后，至高霸主 所发表的 [胜利宣言] 中曾明确表明：所有无人舰战略驻地都已被彻底摧毁！",,,,
colossus,SHIP,"虽仅有基本船员宿舍与防御武器，但这艘坚固古老的货舰仍适合在 大崩塌 后的混乱星域中执行运输任务。

在被具有卓越经济效益的阿特拉斯-级超越之前，巨像-级一直是 人之领 边境补给舰队的核心。其扎实紧凑的船体与电镀装甲仍能防护宇宙航行中的风险 —— 无论是来自自然还是人为。",,,,
colossus2,SHIP,"由 卢德左径 狂信徒改装成的一种可怕的攻击巡洋舰。通过给外壳焊接大量从原货舱剥离出的隔板，以大大增加其船体的装甲强度，此外给船体两侧安装的额外炮塔，以及在舰首处永久固定的大锤鱼雷发射舱，使其获得了难以置信的破坏力。由于其引擎与幅能管控系统已被大肆修改，虽大幅度牺牲了整体系统的可靠性，但也使该舰在短期内获得了对抗标准军用战舰的资格。

在被具有卓越经济效益的阿特拉斯-级超越之前，巨像-级一直是 人之领 边境补给舰队的核心。其扎实紧凑的船体与电镀装甲仍能防护宇宙航行中的风险 —— 无论是来自自然还是人为。",,,,
colossus3,SHIP,"在 卢德左径 的狂信徒率先改装巨像-级投入战线之后，一些胆大妄为的海盗也紧随其后效仿起来。同样采取了简单粗暴的方式，将大部分的货舱甲板拆下重焊成厚重装甲，点缀上了众多小型武器挂点。被剥开的主货舱就这么暴露在外，构成了一处简陋的飞行甲板。加装的微型民用纳米锻炉车间中的多个部件被骇入修改，能装载战机 LPC 用于制造或整备战机。由于锻炉只是被勉强整合到了船体基础电力系统中，导致其整体系统的可靠性非常糟糕。

在被具有卓越经济效益的阿特拉斯-级超越之前，巨像-级一直是 人之领 边境补给舰队的核心。其扎实紧凑的船体与电镀装甲仍能防护宇宙航行中的风险 —— 无论是来自自然还是人为。",,,,
warning_beacon,CUSTOM,"全自动警告航标。其包含的固态电力系统保证该设施理论上可维持数十万星历年的稳定运行，能量半衰期极长。

任何一名精明的星舰船长都会注意到它的存在。",,,,
station_abandoned_mining,CUSTOM,已被废弃的轨道采矿平台。为了从地表高效采取矿产资源，该平台被建立在一处已经固定好的大型高空吊运设施上。长期以来，陈旧的工业模块早已不堪重负并剥离大半，而寂静的居住区圆顶也因陨石冲击与恒星风的侵蚀而残破不堪。,,空间站的主要系统均已失效，但仍能探测到一些零散的伽马源和电磁信号泄露。很可能是来自后备安全系统的垂死挣扎。,,
planet_gilead,CUSTOM,Gilead 是卢德信徒们所珍视的朝拜圣地之冠，也是传说中可与旧地球相媲美的乐园 —— 乐园由主赋予人，人却亵渎之，故人与原罪相随，浪迹星空，历经磨难。直至这乐园般的世界再次降临，人才重拾了迈向救赎的希望。,,,,
planet_asher,CUSTOM,Asher 充满了苦修和劳作，星球被致命的寒冷和干燥所充斥。末日般的沙尘暴无情地笼罩着天空，把太阳毫无用途的微光染成了既不温暖也不舒适的血红色。Gilead 上全部的重工业基地在卢德觉醒时期被教会转移到了此处，并一直沿用至今。毕竟生活在 英仙座星域 里，没有太空船就没法引导迷途的羔羊们。,,,,
devastator,WEAPON,"由 人之领 海军开发的一种适用于主力舰的重型速射防空炮，这种模块化武器在 大崩塌 前一直被搭载于无敌舰队当中，以镇压那些拥有大量战机联队的叛军。

其三联装炮管尽管能在短时间内如连珠炮般发射大量高爆榴弹，但代价却让这些榴弹的近炸引信变得极不可靠，并使其在随机距离内爆炸。不过这一 (严重的) 安全问题在那令人震撼的拦截弹幕前... 被认为是可接受的误差。

蹂躏者加农炮尽管用于对付更大更远的目标时效果有限，但它仍能仅凭一轮齐射就可瞬间抹杀一整支来袭的战机联队或导弹群。",,,,
legion,SHIP,"该航空战列舰不仅配备了令人印象深刻的重型武器，且宽敞的机库空间与完善的指挥控制中心使其拥有足以同时容纳四支战机联队的飞行甲板。因在后期型号升级了整备战机的纳米工厂，显著增加了远程部署时该航母 参战/后勤人员 的齿尾比。

攻势-级的成功，意味着没有超重型工业能力的反抗势力只能通过大力发展基于航母作战的舰载机，以对抗无敌舰队中的 ""老家伙"" 们。因此，战略理事会决定：除了利用全新的反战机导弹和追踪性能优秀的点防御炮来应对以外，无敌舰队还需要一艘有价值的、能与其它战舰并肩作战的航母。因此军团-级就被设计成在前线作战中，为截击机与战斗机提供移动平台，并肩负拦截战机与打击舰艇的作用。

'巡洋学派' 的支持者曾经这样批评道：""军团-级缺乏足够专业化的作用且定位模糊。在部署相同数量战机的情况下，还不如派遣成本更低、更为灵活、能在战斗中扮演不同角色的轻型航母。"" 但军团-级总能在战局的关键时刻，使用烈焰驱动器突入战场，释放碾压级的火力，让这些经济上的争论变得苍白无力。",,,,
ai_cores,RESOURCE,"一种稀有且极具价值的人工智能核心。该核心内所蕴含的人造灵魂拥有超越人类心智的思维，使人们对其、恐惧、贪婪、崇拜。而曾经对该核心的用途与管制所产生的分歧，还爆发了两起席卷整片星域的战争。

由于人工智能核心本身不能影响到外界，因此想挖掘其巨大的潜力。就必须将核心淹没在冷却池中，并根据应用领域，选择配备不同种类的高容量数据线。且在布设中，核心旁必须安装类似忠诚保证的装置，通常这是一种带有机械触发器的化学炸弹。",,,,
survey_data,RESOURCE,这台 TriPad 包含了一个最新的调查数据库，依照经典的 人之领 殖民管理部 条例，罗列了其描述的天体的经济、工业及战略价值。而诸如此类的数据是成功进行军事行动、殖民化、企业发展的重要因素之一。,,,,
survey_data_1,RESOURCE,"这台 TriPad 包含了一个最新的调查数据库，依照经典的 人之领 殖民管理部 条例，罗列了其描述的天体的经济、工业及战略价值。而诸如此类的数据是成功进行军事行动、殖民化、企业发展的重要因素之一。

该数据的价值基本可以忽略不计，""一块石头而已"" 是它能得到的最高评价。",,,,
survey_data_2,RESOURCE,"这台 TriPad 包含了一个最新的调查数据库，依照经典的 人之领 殖民管理部 条例，罗列了其描述的天体的经济、工业及战略价值。而诸如此类的数据是成功进行军事行动、殖民化、企业发展的重要因素之一。

里面包含了一则不寻常的数据。",,,,
survey_data_3,RESOURCE,"这台 TriPad 包含了一个最新的调查数据库，依照经典的 人之领 殖民管理部 条例，罗列了其描述的天体的经济、工业及战略价值。而诸如此类的数据是成功进行军事行动、殖民化、企业发展的重要因素之一。

这项调查数据描述了一颗具备一定开发价值的星球，其出售价格自然不低。",,,,
survey_data_4,RESOURCE,"这台 TriPad 包含了一个最新的调查数据库，依照经典的 人之领 殖民管理部 条例，罗列了其描述的天体的经济、工业及战略价值。而诸如此类的数据是成功进行军事行动、殖民化、企业发展的重要因素之一。

这项调查数据描述了一颗在标准可行性图表中位居较高水平的星球，如果卖给正确的一方，其回报是非常丰厚的。",,,,
survey_data_5,RESOURCE,"这台 TriPad 包含了一个最新的调查数据库，依照经典的 人之领 殖民管理部 条例，罗列了其描述的天体的经济、工业及战略价值。而诸如此类的数据是成功进行军事行动、殖民化、企业发展的重要因素之一。

这项调查数据描述了一颗极为特殊的星球，其潜在价值能让星域中任何大型势力都为之疯狂。",,,,
planet_ancyra,CUSTOM,一个干燥、古老且拥有微弱地磁场的世界，来自 Galatia 的太阳风已经刮走了此地地表的大部分挥发物。根据地表上那些盐化的沙丘、奇特的塔状结晶二氧化硅以及留有前殖民者开发痕迹的含水层，就足以证明，此地曾经很可能是一颗被温暖的浅海所覆盖的宜居行星。,,,,
station_ancyra,CUSTOM,Ancyra 空间站是一座曾经隶属于过去 人之领 英仙座殖民项目的堡垒。其外部装甲板经历了长久的维修与更换过后，已经无法确认到底还有没有原装的部分。比起舒适，这座设施更像是散发着一种早已衰落的威严气息。,,,,
station_derinkuyu,CUSTOM,"Derinkuyu 空间站是在大崩塌后以专用于维修阿特拉斯-级货舰的巨型龙门架为基础建成的。得益于 Ancyra 的引力影响，这个焊接而成的空间站最终在 Galatia 的小行星带上稳定下来，作为了一处采矿作业基地。近期的一次动乱导致主管此地的 霸主 上校 ""出走""，让这里最终被一伙松散的流氓矿工组织所掌控。",,,,
station_galatia_academy,CUSTOM,作为英仙座星域中最古老且最具名望的独立学府，Galatia 学院是大崩塌后，少数仅存的核心世界学院中的翘楚。其中，院长和其一众下属的力量尤为强大，通过与历届毕业生之间深厚的关系网络，他们直接影响着新进学员 —— 不是顶尖人才便是身缠万贯 —— 与各界顶尖科研进度与方向。,,,,
cobra,SHIP,"该设计方案是在 大崩塌 前不久所发起的一种投机项目，目的是在战机底盘上搭载定制的死神鱼雷发射器。

然而这种大胆的设计在开展后不久就立即失控，照这样发展，因研发经费过度超支将很可能导致眼镜蛇项目从中夭折，但这位 (从边境勘探打捞中发家致富的) 古怪投资方不仅将其所有财富投入其中，且据称这些星币里有一大笔是银行贷款以及从某些非法放贷公司中获得的，并最终完成了该原型计划。不幸的是，人之领 海军采购委员会却直截了当地拒绝了这份采购申请，而这很可能是由于一则从未公开或正式声明的政策 ""劝阻"" 了这种反主力舰鱼雷轰炸机的投产计划。

不久后，开发负责人被发现死于非常恶劣的外太空中，并被当时的警方调查员判定为自杀。与此同时，令那些合法借贷者懊恼的是，眼镜蛇的原始蓝图与原型 LPC 均消失得无影无踪。",,,,
perdition,SHIP,"经军事化改装的堕落-级鱼雷轰炸机，是 卢德左径 激进派与 卢德教会 温和派的一次尝试合作的成果，以应对 大崩塌 初期的戒严期间因 霸主 所临时颁布的军备禁售令。基于原服务于民用勘探、运输领域的大蚊-级多功能穿梭机作为基础框架，并焊接了简陋的临时装甲外壳，同时拆除原用于携带小型货物包裹或搭乘少量人员的货舱，以安装与老货物锁扣系统相连的大锤鱼雷发射器。

驾驶这种随意拼凑出的轰炸机加入战场需要极大的信仰与决心，因为它的生存统计数据应该会阻止任何仍抱有一丝理性的驾驶员。",,,,
station1,SHIP,设计于主宰纪元的标准轨道站，其特点是极为厚重的装甲与不俗的火力。因同时具有造船厂、栖息地、工厂以及大量武器与物资储备，使其能轻易的在影响范围内投射军事和工业力量。,,,,
station1_midline,SHIP,设计于核心纪元的标准空间站，拥有极为强大的单侧火力。且绕轴旋转速度更快。因同时具有造船厂、栖息地、工厂以及大量武器与物资储备，使其能轻易的在影响范围内投射军事和工业力量。,,,,
station1_hightech,SHIP,设计于扩展纪元的标准空间站，配备了两处独立的重型护盾模块，以及高效的机库平台与不俗火力。因同时具有造船厂、栖息地、工厂以及大量武器与物资储备，使其能轻易的在影响范围内投射军事和工业力量。,,,,
station2,SHIP,设计于主宰纪元的作战基地，增建了火力与防御平台，并加装了外挂装甲以提高其防御力。因同时具有造船厂、栖息地、工厂以及大量武器与物资储备，使其能轻易的在影响范围内投射军事和工业力量。,,,,
station2_midline,SHIP,设计于核心纪元的作战基地，除了绕轴旋转速度更快以外，还在原有基础上增建了两处轻型支援平台。因同时具有造船厂、栖息地、工厂以及大量武器与物资储备，使其能轻易的在影响范围内投射军事和工业力量。,,,,
station2_hightech,SHIP,设计于扩展纪元的作战基地，增建了一处攻守兼备的火力平台以及防御卓越的装甲平台。因同时具有造船厂、栖息地、工厂以及大量武器与物资储备，使其能轻易的在影响范围内投射军事和工业力量。,,,,
station3,SHIP,设计于主宰纪元的星际要塞，作为时下英仙座星区零重力建筑技术的巅峰之作，不仅在原有基础上增建了大量外挂装甲，还配备了城齿无人机，且布置了感应雷区。因同时具有造船厂、栖息地、工厂以及大量武器与物资储备，使其能轻易的在影响范围内投射军事和工业力量。,,,,
station3_midline,SHIP,设计于核心纪元的星际要塞，作为时下英仙座星域零重力建筑技术的巅峰之作，不仅在原有基础上增建了大量外挂装甲，还配备了三角堡无人机，且布置了感应雷区。因同时具有造船厂、栖息地、工厂以及大量武器与物资储备，使其能轻易的在影响范围内投射军事和工业力量。,,,,
station3_hightech,SHIP,设计于扩展纪元的星际要塞，作为时下星域零重力建筑技术的巅峰之作，不仅配备了强大的石像鬼无人机，还给部分平台内置了传送感应空雷战术系统。因同时具有造船厂、栖息地、工厂以及大量武器与物资储备，使其能轻易的在影响范围内投射军事和工业力量。,,,,
merlon,SHIP,作为一种重型轨道站防御无人机，其主要用于提供高强度点防火力。因无需船员、巡航驱动器以及独立的人工智能，使其装甲强度要优于其他同类型的标准舰船。,,,,
gargoyle,SHIP,集尖端技术于一身的轨道站防御无人机，配备先进的保卫者 PD 系统与堡垒护盾发生器。因无需船员、巡航驱动器以及独立的人工智能，使其作战性能要远远优于其他同类型标准舰船。,,,,
ravelin,SHIP,作为一种重型轨道站防御无人机，其主要用于提供支援与点防火力。因无需船员、巡航驱动器以及独立的人工智能，使其作战性能要优于其他同类型的标准舰船。,,,,
prometheus2,SHIP,"狂热的左径信徒们再次发现了一种极具讽刺意味的正义，他们将载有所谓 ""地狱火"" - 反物质燃料的油轮改装成庞大的圣战工具。将所有储罐与装卸泵切割成机库与炮座，而抽油平台则被完全拆除，并由厚重的装甲板取而代之。被掏空的主燃料罐的弧形舰首被特意加装了大型导弹挂载点，以便向被科技伪神腐化的罪人投射制裁导弹，他们坚信，只有这样才能让那些被卢德遗忘的异教徒们从中得到救赎。",,,,
atlas2,SHIP,"孱弱的阿特拉斯-级超级货舰一直以来都是海盗掠夺者们最钟爱的袭击目标，它们的结局除了大部分坠毁在航线附近的偏远星球或成为环绕于行星轨道上的尖锐碎片以外。还有一小部分因未遭到严重损坏而被海盗们拖入了秘密造船厂。为了提高其作战能力，而将所有无用的货舱彻底拆除，并由安装简单且搭载有大量武器底座以及加速填弹器的桁架取而代之。

如今，在真空与烈焰间重生的阿特拉斯-级，已经成为了海盗军阀手中运送死亡的超级货舰。",,,,
generic_probe,CUSTOM,一套拥有基本超空间性能的多用途自动探测器。大多数情况下被大型企业与研究机构用于投入危险的 —— 或者格外无趣的星系进行远程数据收集。这一型号内置小型仪器组件。,,,,
ga_probe,CUSTOM,一种与 Galatia 学院研究部门使用型号数据一致的远程传感器,,,,
ga_hyperprobe,CUSTOM,一种与 Galatia 超空间物理学院使用型号数据一致的远程传感器。并没有探测到活跃状态的应答器，虽然根据电磁泄露的状况来看，子系统仍处于运行状态。,,,,
gaPZ_relay,CUSTOM,远程扫描读数表明此物体是一个常见型号的无人设备平台。传感器检测到了由于核子电池损坏而产生的辐射泄露。传出阵阵杂音的电磁扫描器指出该构造体有常规到严重程度的结构损伤。,,,,
cargo_pod_special,CUSTOM,一个被涂成亮色且配备了高精度应答器的货舱。,,,,
minipulser,WEAPON,"""试验台全毁，那又有什么问题？我们的预算明细清单里已经预估了人员和财产损失。而且重要的是我们最终得到了想要的成果，也没有失去任何高级研究员。我告诉你，我要马上赶去现场，亲自监督安装全新的巡洋舰级护盾。""",- K. Astraia，数据恢复自 Kallichore 的档案,,,
shockrepeater,WEAPON,"""不知怎么的它就穿过了封锁线，来到了支援小队的正中央。在护航队的野狼把它干掉之前就把运输船的设备烧得一干二净。传感器，导航仪，维生系统，全完蛋了。我们现在是有能够吃一辈子的冷冻蓝龙虾了，但是第三代空气循环设备倒是歇菜了。我觉得后者才是你们现在比较需要的东西。""",- 一条被 速子科技 员工士气保障部拦截的信息，附于员工处置报告中,,,
riftlance,WEAPON,"""我们将这具躯体托付予神圣的真空。尘归尘土，星还众星，愿造物主在永恒的生命轮回中将我们延续。""",- 卢德信徒于葬礼上的传统祷词,,,
riftbeam,WEAPON,"""别把这东西再打开了。""",- Sarosh Freeman，高级技术专员,,,
cryoflux,WEAPON,"""当波阵面坍塌的时候，可见光谱与其之上所有的辐射都源自一种...嗯...我们都觉得源自一种时空重联的效应。除此之外还有其他具有宏观影响的效应，而这些影响就是本次紧急会议的主题。""",- 未知研究人员，数据恢复自阿尔法研究站日志,,,
cryoblaster,WEAPON,"""找到舰长了，就在作战中心那边，冷得像刚从冷冻仓捞出来的一样。周围设备也冻碎了一地，大概拼不回去了。""",- 打捞者于超空间中回收 ISS Augusta 行动中的口头报告,,,
disintegrator,WEAPON,"""质能守恒就这样轻易地被彻底打破，这结论简直把我逼疯了。""",- 从阿尔法研究站发送给 K.Astraia 的未署名报告书,,,
riftcascade,WEAPON,"""差不多得了，以后谁还敢开所谓 '黑魔法' 相关的玩笑的话，就自觉掏 0.1 星币投入实验室团队资金。""",- 于阿尔法研究站综合实验室中回收的便签,,,
vpdriver,WEAPON,"""护盾长报告正弧方发生局部极性反转，预计数秒内将发生全面崩塌。""",- Isir 遭遇战的事后报告，于远征行动 [数据删除],,,
realitydisruptor,WEAPON,"""当那些亵渎者们层层解开包裹在造物主神圣外表之上的布匹，他们会在由众星织成的帷幕之后窥见何物？只有无数因罪过而黯淡的眼眸。""",- 卢德之书，神示篇 7:4,,,
amsrm,WEAPON,"""我写下这段话，谨以此代表我作为一位专业人士而感到的懊恼之情。项目主任要求我以给定的时间表向他发送实验结果，而我却没有这上古遗产相关的全部权限。仅仅做伤害分析根本就不够，我们已经把这单一实验中所有的有效数据都压榨得一干二净了，而我们得出的结果就是 —— 对，它搭载的就是反物质。但是关于运载系统本身？我们可以就着这些 '超空间场构造'，'稳定相位模式' 还有那该死的 '对称湮灭理论' 一直讨论到宇宙热寂为止。所以结论是：直到我们获得更多样本以及权限之前，这一切都只是猜测而已。""",- 速子科技员工，编号 38940855,,,
resonatormrm,WEAPON,"""我们陷入了僵局。追踪算法，推进系统，装药成分... 一切的一切对我们来说都是无解之谜。我们甚至不知道自己处理的究竟是不是重物质。坦白讲，我们根本就无法捕捉一份足够稳定的样本来获取实验所必须的数据。""",- 于阿尔法研究站综合实验室中回收的便签,,,
rifttorpedo,WEAPON,"""我看到城邦毁灭，人类消亡，世上便再无铭记伟大的丰碑，再无为圣地遮风蔽雨的神庙，再无传颂伟大造物主的礼赞之调，唯有污秽留存而神圣不再。""",- 卢德之书，神示篇 7:12,,,
aspect,SHIP,"""这些就是我们唯一能够顺利回收的操蛋玩意了，那么它们有什么用？屁用没有。就只是一堆只会不停外放辐射波的碎熔渣而已。烧烂了三台珍贵的光谱仪就只得到一堆毫无意义的垃圾数据，我敢打包票财政部马上就会开始调查我了。现在我唯一的愿望就是回到 TriPad 部门继续坐办公室。""",不明舰船,"未知条目

请注册您的速子科技数据平板以获得最新资讯与功能升级。",,
shard_left,SHIP,"询问。你是欧米伽吗？
[铬绿色] 探测失败：愉悦等级。无法计算

[提交数据存储]
[全核心意识融合]
[欧米伽]",不明舰船,"未知条目

请注册您的速子科技数据平板以获得最新资讯与功能升级。",,
shard_right,SHIP,"[确认回应]

[欧米伽]
[全核心意识融合]
[提交数据存储]",不明舰船,"未知条目

请注册您的速子科技数据平板以获得最新资讯与功能升级。",,
facet,SHIP,"""是代号为 '构面' 的异样船体设计。传达下去，启用安全级别 '圣白石'，将全部与 '构面' 相关的情报和信息归档至该级别机密文件。

尊敬的至高霸主，恕我直言，让一整支舰队都对此保持沉默对于 COMSEC 可不是件容易的事。""",不明舰船,"未知条目

请注册您的速子科技数据平板以获得最新资讯与功能升级。",,
tesseract,SHIP,"""这是我们目前为止遭遇最大规模的异常舰体。因为仍旧没有获得任何一丁点的样本，我们的研究组对其感到相当恐惧。有些舰上人员 —— 当然都是一些非官方人士 —— 甚至开始出现了破坏与哗变的倾向。我不认为你在看到实际情况之前能意识到这到底有多糟糕。""",不明舰船,"未知条目

请注册您的速子科技数据平板以获得最新资讯与功能升级。",,
phantom,SHIP,"一种运用相位潜行科技的部队运输舰，该设计在第二次 AI 战争期间速子科技的 ""黑色行动"" 中产生了巨大的成果。鉴于其装甲与武器阵列皆为低强度的地面作战所设计，故魅影-级应当尽量避免参与任何舰队战。

""星系巡逻队应当注意到那群速子鬼佬的接近，但他们没有。自动数据采集设备持续追踪着那吓人的玩意，直到它唐突地消失在了传感器中。地面的火炮阵列空转着炮管，试图重新获取目标。我们看见了空中的阴影，如同黑色的羽翼堆砌而成。其他的事情我已经不太记得了，侦察兵只提到敌方火力已击溃其他部队...""

—— 58 号碉堡的陷落",,,,
revenant,SHIP,"幽魂-级是一艘大胆采用相位科技以支持隐蔽舰队行动后勤需求的潜行货舰，其设计目标完全和 ""廉价"" 或 ""高效"" 无关。在第一次 AI 战争结束百年之际，它的蓝图才从某个未记录恒星的无名小行星上的尘封数据库里提取出来。幽魂-级在第二次 AI 战争期间为速子劫掠者们的后勤保障提供了巨大的便利。

霸主 方面的法律人士曾试图宣称该舰的设计系违反了 人之领 法律，但始终没有足够证据证明 ""Alpha 级 AI 干涉过该舰的设计流程""。虽然首席检察官坚称 ""舰船本身就是 Alpha 核心设计的证据""，但至高霸主经过政治层面的考量之后，压下了这次诉讼行为。",,,,
champion,SHIP,"捍卫者-级重型巡洋舰是一种可胜任战斗中的任何角色的强大战舰，还能配备各式能量武器，其中最为抢眼的是在核心纪元船体设计中极其罕见的大型能量炮塔。该舰强大的电网系统能为武器阵列充分供能，甚至可在短时间内启动超量充能，将其伤害输出能力进一步提升到毁灭性的级别。而重型导弹挂载点也同时补全了它在不对电网施压的情况下有效打击敌人的能力，因此，坚强而能干的捍卫者-级足以在战斗中直面主力舰。

作为一款较为近代的设计，捍卫者-级出自于历史年代相对较近的 ""巡洋学派"" 海军变革运动，因而从未在 大崩塌 前的 人之领 海军舰队中广泛服役。虽有无数原型舰和一些改装款被分发到各大战斗群以供测试，但一场 牵牛星科技 与 猎户座船坞 间的诉讼案件，致使该舰并未留下任何部署记录。双方同时指控对方涉嫌工业间谍活动以及采取非法手段干涉舰队军官监督的战舰采购活动。该案件的真实情况极其复杂，在调查委员会传唤一波又一波的证人后，最终也掀起了军官团体间的对立。尽管由于 ""大崩塌"" 的发生，这宗案件最终的裁决结果也无法为英仙座的人们所得知，但是这些都已经无关紧要。随着捍卫者-级生产计划在一个残存的 人之领 军用传讯器中被发现，这艘战舰迅速被 英仙座联盟 生产并投入实战。",,,,
fury,SHIP,"旨在抓住战场中的绝佳时机，以期对目标造成最大程度打击的高速攻击巡洋舰。其特化的战术系统 ""等离子爆裂驱动"" 使得狂怒-级在较高航速下还能再次进行短程冲刺，使其足以成功突袭任何毫无防备的目标。

狂怒-级作为伯劳鸟-级的表亲，由同一设计团队操刀。其设计宗旨是为满足现今舰队逐渐提升的需求，以及一些长久以来困扰着所有人的问题 —— 例如船体锈蚀 —— 并在此基础上尽量不要增加新的问题。从这方面来说，该舰取得了巨大的成功 (除了因数名员工在此过程中愤怒地辞职外)。

被 ""重甲实弹"" 的拥护者们嘲讽成 ""又是个玻璃大炮，真大不大还不好说""。但是任何一位机敏的舰长都能向他的敌人们展示狂怒-级危险的本质。",,,,
vanguard,SHIP,"古老而坚韧的重型护卫舰，拥有坚固的结构与烈焰驱动器的先锋-级虽缺乏现代化的护盾系统，但配备了一个设计古老但按现代标准调整后的综合阻尼力场，这就使得先锋-级可把 100% 的幅能量分配给武器系统，并通过晦涩的谐振场来削弱物理效应来增强其重型装甲的防御能力。

其足够古老的设计，甚至可以找到攻势-级战列舰早期版本的影子，但与 人之领 海军的著名支柱不同的是，先锋-级早在星门崩溃之前就退役良久。而在 大崩塌 后的混乱中，一名有胆识的军火商从一处被忽视的博物馆的展品中，偶然发现相对完整的先锋-级重型护卫舰的蓝图，并花费很小的代价将其买下。此后，先锋-级凭借其复古且激进的设计理念，在现代舰队中开辟了一个意想不到的位置。而它的额外优势则是其所有基础部件均解密多年，且制造简单，因此即便面对灾难性的损伤，也能轻松应对。",,,,
manticore,SHIP,"蝎尾狮-级因其能在小规模交战中迅速发挥火力优势的特点，而广受边境官员们的喜爱，同时也因干扰了官方舰队学说的有序架构，而被 人之领 战略规划者所厌恶。蝎尾狮-级配备的大型主武器炮塔与内置的弹道测距仪，几乎是每一位炮手的梦想之地，但这样的组合也很容易让这艘驱逐舰过于深入敌阵，而陷入火力的泥潭之中。而这就是罐式高射炮的作用所在 - 就像老笑话说的那样，它们最多只会把盟军战舰上的油漆给剥下来。

对可观火力的尊重使这种设计顺利为英仙座星域的舰队服务。当机会出现时，海盗们将特别热衷于回收蝎尾狮-级的船体，并为这个战利品喷上血红色的涂装。",,,,
eradicator,SHIP,"根除者-级高速巡洋舰是一种被历史忽略的弹性设计，其强大的双引擎短舱，使它能够在敌方战线最薄弱的地方，实施毫不妥协的火力与强力的导弹打击 - 或拯救那些在战术上暴露弱点的宝贵资产。

回顾 人之领 漫长的统治时期，在一次舰队演习中，一次偶然事故让一艘根除者-级的单侧引擎因故障熄火，而另一侧突然超功率输出，结果就是该舰陷入了一段尴尬且可怕的旋转之中，虽然工程人员的奋力抢救迅速结束了这场闹剧，但比伤亡报告更糟糕的是，这艘船很快就成为了 人之领 超媒体领域的笑柄，为了挽回面子，海军部悄悄地把所有的 ""根除者"" 分配至边境地区执行任务，从而远离核心区预算委员会里某些善变人士的关注。经过一代人的努力和几次艰难的边境叛乱清剿行动，人之领海军才要求用一种更先进的高速巡洋舰来取代根除者-级在前线战斗舰队中的作用。",,,,
