name,secondary,tags,parents,frequency,reusable
Aelurus,,star,,,
Hera,,star,,,
Ares,,planet,Hera,,
Deimos,,moon,Ares,,
Phobos,,moon,Ares,,
Kydoimos,,moon,Ares,,
Makhai,,moon,Ares,,
Mysminai,,moon,Ares,,
Polemos,,moon,Ares,,
Hebe,,planet,Hera,,
Alexiares,,moon,Hebe,,
Anicetus,,moon,Hebe,,
Eris,,planet,Hera,,
Dysnomia,,moon,Eris,,
Lethe,,moon,Eris,,
Limos,,moon,Eris,,
Algos,,moon,Eris,,
Neikea,,moon,Eris,,
Eleuthia,,planet,Hera,,
Enyo,,planet,Hera,,
Enyalius,,moon,Enyo,,
Baraq,,star,,,
Zumurrud,,planet,,,
Lithos,,planet,,,
Temblor,,planet,,,
Baal,,star,,,
Bel,,star,,,
Haddu,,star,,,
Ishkur,,star,,,
Enki,,star,,,
Dilmun,,planet,Enki,,
Ki,,planet,Enki,,
Nintul,,moon,Ki,,
Ninsutu,,moon,Ki,,
Ninkasi,,moon,Ki,,
Dazimua,,moon,Ki,,
Enshagag,,moon,Ki,,
Nintu,,planet,Enki,,
Ninsar,,planet,Enki,,
Ninkurra,,planet,Enki,,
Uttu,,moon,Ninkurra,,
Isimud,,planet,Enki,,
Ishtar,,star,,,
Dumuzi,,planet,Ishtar,,
Gudam,,planet,Ishtar,,
Galatura,,planet,Ishtar,,
Kurjara,,planet,Ishtar,,
Dagon,,star,,,
Belatu,,planet,Dagon,,
Godiva,,moon,,,
Great Dismal,,planet,,,
Herzog,,planet,,,
Pandemonium,,star,,,
Mulciber,,planet,Pandemonium,,
Mammon,,planet,Pandemonium,,
Leviathon,,planet,Pandemonium,,
Asmodeus,,planet,Pandemonium,,
Belphegor,,planet,Pandemonium,,
Belial,,planet,Pandemonium,,
Azazel,,planet,Pandemonium,,
Berith,,star,,,
Ashtoreth,,star,,,
Sidon,,planet,Ashtoreth,,
Galera,,planet,Ashtoreth,,
Moloch,,star,,,
Utopia,,star,,,
Azathoth,,star,,,
Abaddon,,star,,,
Dis,,star,,,
Medea,,planet,,,
Crucible,,planet,,,
Wyrm,,planet,,,
Dantalion,,star,,,
Humility,,planet,,,
Romance,,planet,,,
Wan,,planet,,,
Leeloo,,planet,,,
Zhu Que,,star,,,
Ada,,moon,,,
Rukh,,moon,,,
Zenobia,,star,,,
Labyrinth,,planet,,,
Genbu,,star,,,
Qilin,,star,,,
Black Emperor,,star,,,
Myrkheim,,star,,,
Idunn,,planet,Myrkheim,,
Draupnir,,ring,Myrkheim,,
Ivaldi,,planet,Myrkheim,,
Brokr,,planet,Myrkheim,,
Gadfly,,moon,Brokr,,
Eitri,,planet,Myrkheim,,
Gullinbursti,,planet,Myrkheim,,
Habrok,,planet,,,
Jotunheim,,star,,,
Greip,,planet,Jotunheim,,
Gjalp,,planet,Jotunheim,,
Bardarbunga,,planet,Jotunheim,,
Thrivaldi,,planet,Jotunheim,,
Zosimos,,planet,,,
$parent's Wheel,,"ring, accretion",,,
Ezekial's Wheel,,"ring, accretion",,,
Arc of $parent,,ring,,,
$parent's Wreath,,"ring, magnetic_field, accretion",,,
Torq of $parent,,"ring, accretion",,,
Crown of $parent,,"ring, accretion",,,
Ring System,,ring,,20,TRUE
Accretion Disk,,accretion,,20,TRUE
The Ouroboros,,asteroid_belt,,,
$parent's Girdle,,asteroid_belt,,,
Iron Stream,,asteroid_belt,,,
Stone River,,asteroid_belt,,,
$parent's Belt,,asteroid_belt,,,
Wall of $parent,,asteroid_belt,,,
Road of $parent,,"asteroid_belt, ring",,,
The Glittering Band,,"ring, asteroid_belt",,,
$parent's Circuit,,asteroid_belt,,,
$parent's Crown,,asteroid_belt,,,
Asteroid Belt,,asteroid_belt,,20,TRUE
$parent's Chaos,,"asteroid_field, magnetic_field",,,
$parent's Swarm,,asteroid_field,,,
Stone Conclave,,asteroid_field,,,
$parent's Shield,,"asteroid_field, magnetic_field",,,
$parent $L Asteroids,,asteroid_field,,20,
Asteroid Field,,asteroid_field,,,
$parent's Veil,,"nebula, magnetic_field",,,
$parent's Cloak,,nebula,,,
$parent's Secret,,"nebula, magnetic_field",,,
$parent's Mystery,,"nebula, magnetic_field",,,
$parent's Night,,nebula,,,
$parent's Darkness,,nebula,,,
$parent $L Nebula,,nebula,,20,
$parent's Sea,,nebula,,,
Sargasso of $parent,,nebula,,,
Nebula,,nebula,,,
$parent's Gyre,,"magnetic_field, accretion",,,
$parent's Confusion,,"magnetic_field, accretion",,,
$parent's Wrath,,"magnetic_field, accretion",,,
$parent's Anger,,"magnetic_field, accretion",,,
$parent's Aura,,"magnetic_field, accretion",,,
$parent's Madness,,"magnetic_field, accretion",,,
Magnetic Field,,magnetic_field,,20,TRUE
Freyja,,star,,,
Brisingamen,,"ring, asteroid_belt magnetic_field, accretion",Freyja,,
Wotan,,star,,,
Draupnir,,"ring, asteroid_belt magnetic_field, accretion",Wotan,,
Hlidskjalf,,planet,Wotan,,
Ring of Gyges,,ring,,,
Fenrir,,planet,,,
Gjoll,,moon,Fenrir,,
Sledovik,,moon,,,
Sessho-seki,,moon,,,
Arkady,,planet,,,
Rocannon's World,,planet,,,
Baslag,,planet,,,
Boone,,moon,,,
Zakalwe,,moon,,,
Darkense,,moon,,,
Livueta,,moon,,,
Elethiomel ,,moon,,,
Staberinde,,moon,,,
Cache,,moon,,,
Ged,,moon,,,
Palaver,,planet,,,
Rigamarole,,planet,,,
Scrimshaw,,planet,,,
Hadria,,planet,,,
Rosas,,planet,,,
Orobas,,star,,,
Murmur,,star,,,
Asmoday,,star,,,
Marax,,star,,,
Amon,,star,,,
Komarov,,star,,,
Nibiru,,planet,,,
Brahe,,constellation,,,
Perseus,Persei,constellation,,,
Cerenkov,,constellation,,,
Cygnus,Cygni,constellation,,,
Saurus,Sauri,constellation,,,
Pisces,Piscum,constellation,,,
Carina,Carinae,constellation,,,
Draco,,constellation,,,
Elysia,,constellation,,,
Irkalla,,constellation,,,
Meropis,Meropi,constellation,,,
Nysa,,constellation,,,
Paititi,,constellation,,,
Yomi,,constellation,,,
Baltia,,constellation,,,
Union,,planet,,,
Jeremiah's World,,planet,,,
Strathcona,,moon,,,
Tamsin,,moon,,,
Kete,,moon,,,
Hrosa,,planet,,,
Aether,,star,,,
Eros,,"star,planet",,,
Asphodel,,star,,,
Erebus,,"star, nebula",,,
Nyx,,"star, nebula",,,
Acheron,,star,,,
Kharon,,planet,,,
Tartarus,,star,,,
Khthon,,star,,,
Bothros,,planet,"Khthon, Tartarus",,
Megaron,,planet,"Khthon, Tartarus",,
Thanatos,,star,,,
Hypnos,,planet,Hypnos,,
Morpheus,,moon,Hypnos,,
Phobetor,,moon,Hypnos,,
Phantasos,,moon,Hypnos,,
Oneiroi,,"asteroid_belt, ring, magnetic_field",Hypnos,,
Lethe,,"asteroid_belt, ring, magnetic_field","Asphodel,Hypnos,Acheron,Kharon",,
Cocytus,,"asteroid_belt, ring, magnetic_field","Asphodel,Hypnos,Acheron,Kharon",,
Oceanus Nebula,,nebula,,,
Elysion,,planet,,,
Minos,,planet,,,
Khora,,planet,,,
Mnemosyne,,star,,,
Calliope,,planet,Mnemosyne,,
Myhdon,,moon,Calliope,,
Edonus,,moon,Calliope,,
Biston,,moon,Calliope,,
Kleio,,planet,Mnemosyne,,
Hyacinth ,,moon,Kleio,,
Euterpe,,planet,Mnemosyne,,
Rhesus,,moon,Euterpe,,
Erato,,planet,Mnemosyne,,
Melpomene,,planet,Mnemosyne,,
Polymnia,,planet,Mnemosyne,,
Aglaope,,moon,Polymnia,,
Leucosia,,moon,Polymnia,,
Ligeia,,moon,Polymnia,,
Molpe,,moon,Polymnia,,
Pathenope,,moon,Polymnia,,
Peisinoe,,moon,Polymnia,,
Thelxiope,,moon,Polymnia,,
Terpsichore,,planet,Mnemosyne,,
Thalia,,planet,Mnemosyne,,
The Korybantes,,"ring, asteroid_belt",Thalia,,
Urania,,planet,Mnemosyne,,
Linus,,moon,Urania,,
Dia,,planet,Mnemosyne,,
Helicon,,planet,Mnemosyne,,
Aoide,,moon,Helicon,,
Melete,,moon,Helicon,,
Mneme,,moon,Helicon,,
Parnassos,,planet,,,
The Banshee,,magnetic_field,,,
The Sirens,,asteroid_belt,,,
Orpheus,,planet,,,
Tragedy,,star,,,
The Kuretes,,asteroid_belt,,,
$parent's Flock,,"asteroid_belt, asteroid_field",,,
Mangindusa,,star,,,
Bugawasin,,"star,planet",Mangindusa,,
Polo,,planet,"Mangindusa,Bugawasin",,
Sedumunadoc,,planet,"Mangindusa,Bugawasin",,
Tabiacoud,,planet,"Mangindusa,Bugawasin",,
Anggugru,,moon,Tabiacoud,,
Balugu,,"ring, asteroid_belt, magnetic_field","Mangindusa,Bugawasin",,
Kalabagang,,"ring, asteroid_belt, magnetic_field","Mangindusa,Bugawasin",,
Taliyakad,,moon,"Polo,Sedumunadoc,Tabiacoud",,
Langit,,moon,"Polo,Sedumunadoc,Tabiacoud",,
Basad,,planet,"Mangindusa,Bugawasin",,
Sidpan,,planet,"Mangindusa,Bugawasin",,
Dibuwat,,planet,"Mangindusa,Bugawasin",,
Kavacha,,magnetic_field,,,
Orm,,"planet, moon",,,
Ogion,,"planet, moon",,,
Ring of Morred,,ring,,,
Selidor,,moon,,,
Nug,,moon,,,
Yeg,,moon,,,
Rhogog,,planet,,,
Hastur,,planet,,,
Yig,,planet,,,
Rama,,star,,,
Hanuman,,planet,Rama,,
Vanara,,planet,Rama,,
Surasa,,star,,,
Vasuki,,"star,planet",,,
The Nagas,,asteroid_belt,"Surasa, Vasuki",,
Kaliya,,planet,"Surasa, Vasuki",,
Manasa,,planet,,,
Bakunawa,,planet,,,
Karkotaka,,planet,,,
Mucalinda,,planet,,,
Padmavati,,planet,,,
Pearl River,,"asteroid_belt, ring",,,
Zmey,,star,,,
Lamya,,star,,,
Smok,,star,,,
Stygia,,planet,,,
Cimmeria,,planet,,,
Magen,,planet,,,
Zirnitra,,star,,,
Arkona,,planet,,,
Ved,,moon,,,
Kolobok,,moon,,,
Mokosh,,star,,,
Perun,,"star,planet",Mokosh,,
Morana,,planet,Perun,,
Veles,,"star,planet",Mokosh,,
Jarilo,,planet,Mokosh,,
Svarog,,star,,,
Dazbog,,"star,planet",Svarog,,
Indrik,,moon,,,
Stribog,,star,,,
Gamayun,,planet,Stribog,,
Sirin,,planet,Stribog,,
Alkonost,,planet,Stribog,,
The Simargl,,"asteroid_belt, asteroid_field",Stribog,,
Baba Yaga,,planet,,,
Buyan,,star,,,
Koschei,,planet,Buyan,,
Kitezh,,planet,,,
Neter,,moon,,,
Pontus,,star,,,
Tiamat,,star,,,
Apsu,,"star,planet",Tiamat,,
Lotan,,planet,Tiamat,,
Basmu,,planet,Tiamat,,
Usumgallu,,planet,Tiamat,,
Masmahhu,,planet,Tiamat,,
Mushussu,,planet,Tiamat,,
Lahmu,,planet,Tiamat,,
Ugallu,,planet,Tiamat,,
Uridimmu,,planet,Tiamat,,
Girtablullu,,planet,Tiamat,,
Umu Dabrutu,,planet,Tiamat,,
Kulullu,,planet,Tiamat,,
Kusarikku,,planet,Tiamat,,
Yaw,,star,,,
Rahab,,planet,Yaw,,
Tannin,,planet,Yaw,,
Anzu,,star,,,
Ausir,,"star, planet",,,
Horos,,"star, planet",Ausir,,
Nekhen,,"planet, moon",Horos,,
Anapa,,planet,Ausir,,
Atuan,,moon,,,
Tenar,,moon,,,
Kossil,,moon,,,
Rota Fortunae,,"asteroid_belt, ring",,,
Siege Perilous,,planet,,,
World Mill,,star,,,
Ara,,moon,,,
Durer's Star,,star,,,
Melancholia,,planet,,,
Moskva,,planet,,,
Griseus,,planet,,,
Breq,,planet,,,
Hungry Ghost,,nebula,,,
Diyu,,star,,,
Yama,,"star, planet",Diyu,,
Naihe Qiao,,"ring, asteroid_belt, magnetic_field, accretion",Diyu,,
Youdu,,planet,Diyu,,
Qinguang,,planet,Diyu,,
Bing Diyu,,moon,Qinguang,,
Chujiang,,planet,Diyu,,
Heisheng Dadi,,moon,Chujiang,,
Songdi,,planet,Diyu,,
Wuguan,,planet,Diyu,,
Xuechi,,moon,Wuguan,,
Yanluo,,planet,Diyu,,
Diancheng,,planet,Diyu,,
Jiaohuan,,moon,Diancheng,,
Taishan,,planet,Diyu,,
Roujiang,,moon,Taishan,,
Dushi,,planet,Diyu,,
Menguo,,moon,Dushi,,
Pingden,,planet,Diyu,,
Avici,,moon,Pingden,,
Jigoku,,star,,,
Enma,,"star, planet",Jigoku,,
Gargoyle,,moon,,,
Familiar,,moon,,,
Schrat,,moon,,,
Kobold,,moon,,,
Youming,,nebula,,,
Yinjian,,nebula,,,
Soleyn,,planet,,,
Glowan,,planet,,,
Sagan,,planet,,,
Robinson's Moon,,moon,,,
Morthanveld,,moon,,,
Issorile,,planet,,,
Azad,,moon,,,
Gormenghast,,planet,,,
Knole,,moon,,,
Carcassonne,,planet,,,
Sark,,moon,,,
Rameumptom,,moon,,,
Vidur,,planet,,,
Jahannam,,star,,,
Zaqqum,,planet,Jahannam,,
Maalik,,planet,Jahannam,,
Haawiyah,,planet,Jahannam,,
Barzakh,,"ring, asteroid_belt, magnetic_field, accretion, asteroid_field",Jahannam,,
Al Nar,,star,,,
Jahim,,star,,,
Jannah,,star,,,
Touba,,planet,Jannah,,
Araf,,moon,,,
Sheol,,planet,,,
Rephaim,,asteroid_belt,Sheol,,
Perdition,,planet,,,
Aaru,,star,,,
Neter-hkertet,,star,,,
Erlig,,star,,,
Karoaglanlar,,"asteroid_belt, asteroid_field",Erlig,,
Karakizlar,,"asteroid_belt, asteroid_field",Erlig,,
Karash,,planet,Erlig,,
Matyr,,planet,Erlig,,
Shyngay,,planet,Erlig,,
Komur,,planet,Erlig,,
Badysh,,planet,Erlig,,
Yabash,,planet,Erlig,,
Temir,,planet,Erlig,,
Uchar,,planet,Erlig,,
Kerey,,planet,Erlig,,
Ulgan,,star,,,
Maidere,,planet,Ulgan,,
The Ordog,,planet,,,
Yav,,planet,,,
Prav,,planet,,,
Nav,,planet,,,
Anyox,,moon,,,
Atlin,,nebula,,,
The Chechidla,,"asteroid_belt, asteroid_field",,,
Comiaken,,planet,,,
Cultus,,moon,,,
Gingolx,,star,,,
The Nechako,,"ring, asteroid_belt",,,
Tsimshian,,ring,,,
Ivavik,,planet,,,
Ghost Dance,,magnetic_field,,,
Mag Mell,,planet,,,
Loka,,planet,,,
Cipactli,,moon,,,
Ehecatl,,"magnetic_field, ring",,,
Spirit Wind,,magnetic_field,,,
Agiel,,planet,,,
Tesh,,planet,,,
Rohagi,,planet,,,
Cymek,,planet,,,
Bered Kai Nev,,planet,,,
Samael,,star,,,
Agrat bat Mahlat,,"star, planet",Samael,,
Amamar,,moon,Agrat bat Mahlat,,
Naamah,,"star, planet",Samael,,
Lilith,,star,,,
Eisheth,,star,,,
Zepar,,planet,,,
The Grigori,,"asteroid_belt, asteroid_field",,,
The Sentinels,,"asteroid_belt, asteroid_field",,,
Suriel,,moon,,,
Old Goat,,moon,,,
Kochab,,planet,,,
Yaqum,,star,,,
Asbeel,,planet,Yaqum,,
Gadreel,,planet,Yaqum,,
Penemue,,planet,Yaqum,,
Kasdaye,,planet,Yaqum,,
Cambriel Nebula,,nebula,,,
Armaros' Work,,magnetic_field,,,
The Myriad,,"asteroid_belt, asteroid_field",,,
The Lost Legion,,"asteroid_belt, asteroid_field, accretion",,,
Al Kathab,,"magnetic_field, nebula",,,
The Armada,,"asteroid_belt, asteroid_field",,,
Kohnid,,moon,,,
The Gengris,,"asteroid_belt, asteroid_field",,,
New Suroch,,planet,,,
Xezbeth,,star,,,
Xaphan,,star,,,
Vanth,,planet,,,
The Erinyes,,"asteroid_belt, asteroid_field",,,
Charun,,planet,,,
Calu,,planet,,,
Turms,,planet,,,
Aita,,planet,,,
Anvil,,moon,,,
Stray Dog,,moon,,,
Valefar,,star,,,
Laverna,,moon,,,
Maderakka,,star,,,
Sarakka,,planet,Maderakka,,
Juksakka,,planet,Maderakka,,
Uksakka,,planet,Maderakka,,
Jabme-Akka,,planet,Maderakka,,
Maan-Emo,,star,,,
An,,star,,,
Ki,,"star, planet",An,,
Anu,,"planet, moon",Ki,,
Long,,moon,,,
Quy,,moon,,,
Lan,,moon,,,
Phung,,moon,,,
Art of the Jinns,,magnetic_field,,,
The Qarin,,"asteroid_belt, asteroid_field",,,
Tuchulcha,,planet,,,
Suanggi,,moon,,,
Surgat,,moon,,,
The Imp,,moon,,,
Chax,,star,,,
The Raven,,moon,,,
The Murder,,"asteroid_belt, asteroid_field",,,
Saleos,,planet,,,
Puloman,,planet,,,
Indrani Sachi,,moon,,,
Sivasri,,moon,,,
The Pontianak,,nebula,,,
The Pocong,,ring,,,
O Tokata,,moon,,,
Osor,,planet,,,
Empusa,,moon,,,
Mormo,,moon,,,
Onoskelis,,planet,,,
Mara,,planet,,,
Krampus,,moon,,,
Kroni,,star,,,
Ravanan,,planet,Kroni,,
Kaliyan,,planet,Kroni,,
Thuriothanan,,"asteroid_belt, asteroid_field",Kroni,,
Kad,,moon,,,
The Marid,,"asteroid_belt, asteroid_field",,,
Hantu Raya,,planet,,,
Tuyul,,planet,,,
Koman-tong,,moon,,,
Koman-lay,,moon,,,
Kwee Kia,,moon,,,
Jenglot,,moon,,,
Gusoyn,,planet,,,
Gallu,,moon,,,
Gaap,,star,,,
Dzoavits,,planet,,,
Klabautermann,,moon,,,
$parent's Jinx,,magnetic_field,,,
$parent's Hex,,magnetic_field,,,
The Hecatomb,,accretion,,,
Grigri,,moon,,,
Bakaak,,planet,,,
Jumbee's Dance,,magnetic_field,,,
Kigatilik,,star,,,
Qiqirn,,planet,,,
Tupilaq,,moon,,,
Tizheruk,,planet,,,
Run of the Haietlik,,"ring, magnetic_field",,,
Unhcegila,,planet,,,
Okeus,,star,,,
Shapishico,,planet,,,
Atahsaya,,star,,,
Wekufe,,planet,,,
Gualichu,,star,,,
Babi Ngepet,,moon,,,
Royllo,,planet,Tyle,,
Braxil,,planet,Tyle,,
Mam,,planet,Tyle,,
Zuane,,planet,Tyle,,
Caprica,,planet,Tyle,,
Letum,,planet,Corvus,,
Pallida,,moon,Letum,,
Somnus,,planet,Corvus,,
Nox,,planet,Corvus,,
Mors,,moon,Nox,,
The Pactolus,,"asteroid_belt, ring",Corvus,,
Socordia,,planet,Corvus,,
Ignavia,,planet,Corvus,,
Sabriel,,moon,,,
Lirael,,moon,,,
Clariel,,moon,,,
Ranna,,moon,,,
Mosrael,,moon,,,
Kibeth,,moon,,,
Dyrim,,moon,,,
Belgaer,,moon,,,
Astarael,,moon,,,
Saraneth,,moon,,,
Tanmar,,moon,,,
Maida,,planet,,,
Bentusle,,planet,,,
Asmaidas,,planet,,,
Groclant,,planet,,,
Nona,,moon,,,
Decima,,moon,,,
Morta,,moon,,,
Ratna,,planet,Naraka,,
Sharkara,,planet,Naraka,,
Valuka,,planet,Naraka,,
Panka,,planet,Naraka,,
Dhuma,,"nebula, ring, magnetic_field",Naraka,,
Tamaha,,"nebula, ring, magnetic_field",Naraka,,
Mahatamaha,,"nebula, ring, magnetic_field",Naraka,,
Achuguayo,,planet,Magec,,
Teide,,planet,Magec,,
Gara,,moon,Teide,,
Jonay,,moon,Teide,,
Chijoraji,,planet,Magec,,
Achuhucanac,,planet,Magec,,
Ganigo,,moon,Achuhucanac,,
Tagoror,,asteroid_field,Magec,,
Goro,,"asteroid_belt, ring",Magec,,
Sose,,planet,Arcadia,,
Faunus,,planet,Arcadia,,
Bona Dea,,planet,Arcadia,,
Pitys,,planet,Arcadia,,
Echo,,planet,Arcadia,,
Kelaineus,,planet,Arcadia,,
Argennon,,planet,Arcadia,,
Aigikoros,,planet,Arcadia,,
Eugeneios,,planet,Arcadia,,
Omester,,planet,Arcadia,,
Daphoenus,,planet,Arcadia,,
Philamnos,,planet,Arcadia,,
Xanthos,,planet,Arcadia,,
Glaukos,,planet,Arcadia,,
Phorbas,,planet,Arcadia,,
Leng,,star,,,
Kang Admi,,planet,Leng,,
Mika,,planet,Leng,,
Bun Manchi,,planet,Leng,,
Migoi,,planet,Leng,,
Dzu-teh,,planet,Leng,,
Miche,,planet,Leng,,
Sarkomand,,planet,Leng,,
Cerenerian Sea,,nebula,Leng,,
Kephalos,,planet,Eos,,
Procris,,moon,Kephalos,,
Minyas,,planet,Eos,,
Cymene,,planet,Eos,,
Arcesius,,planet,Eos,,
Astraeus,,planet,Eos,,
Boreas,,moon,Astraeus,,
Notus,,moon,Astraeus,,
Eurus,,moon,Astraeus,,
Zephyrus,,moon,Astraeus,,
Toci,,planet,Aztlan,,
Coatlicue,,planet,Aztlan,,
Centeotl,,planet,Aztlan,,
Chicomecoatl,,planet,Aztlan,,
Texcatlipoca,,planet,Aztlan,,
Xantico,,planet,Aztlan,,
Chantico,,planet,Aztlan,,
Mayahue,,moon,Chantico,,
Mixcoatl,,planet,Aztlan,,
Centzon Huitznauhtin,,"ring, asteroid_belt, asteroids",Mixcoatl,,
Tlaloc,,planet,Aztlan,,
The Anillo,,ring,Aztlan,,
Tohil,,planet,Aztlan,,
Denyen,,planet,Canaan,,
Ekwesh,,planet,Canaan,,
Peleset,,planet,Canaan,,
Sherden,,planet,Canaan,,
Teresh,,planet,Canaan,,
Weshesh,,planet,Canaan,,
Tjeker,,planet,Canaan,,
Bull Moose,,planet,,,
Minnow,,moon,,,
Will-o-wisp,,moon,,,
Stingy Jack,,moon,,,
City of Brass,,planet,,,
Saraph,,planet,Nachash,,
Harah,,planet,Nachash,,
Hazor,,planet,Nachash,,
Gezor,,planet,Nachash,,
Ningishzida,,planet,Nachash,,
Azimua,,planet,Nachash,,
Nehushtan,,planet,Nachash,,
Oberon,,star,,,
Cymnea,,planet,Oberon,,
Faiella,,planet,Oberon,,
Clarissa,,planet,Oberon,,
Riga,,planet,Oberon,,
Sawal,,star,,,
Dara,,planet,Sawal,,
Mandor,,planet,Sawal,,
Jurt,,planet,Sawal,,
Corwin,,planet,,,
Merlin,,moon,Corwin,,
Brand,,planet,,,
Jasra,,moon,Brand,,
Luke,,moon,Brand,,
Morganthe,,"star, planet",,,
Martin,,planet,,,
Morganna,,star,,,
Moronoe,,planet,Morganna,,
Mazoe,,planet,Morganna,,
Gliten,,planet,Morganna,,
Glitonea,,planet,Morganna,,
Tyronoe,,planet,Morganna,,
Thiten,,planet,Morganna,,
Pomorum,,planet,Morganna,,
Basilia,,planet,,,
Mentonomon,,nebula,,,
Suroch,,planet,,,
Grimnebulin,,moon,,,
Weaver,,star,,,
Shining Tor,,planet,Westernesse,,
Vannin,,planet,Westernesse,,
Manau,,planet,Westernesse,,
Monabia,,planet,Westernesse,,
Cushag,,planet,Westernesse,,
Ayre,,planet,Westernesse,,
Neb,,"ring, asteroid_belt",Westernesse,,
Dhoo,,"ring, asteroid_belt",Westernesse,,
Keter,,"ring, magnetic_field",Zagan,,
Zohar,,"ring, magnetic_field",Zagan,,
Binah,,planet,Zagan,,
Netzach,,planet,Zagan,,
Yesod,,planet,Zagan,,
Hod,,planet,Zagan,,
Simchah,,planet,Zagan,,
Emet,,planet,Zagan,,
Grimsnes,,planet,Thule,,
Alfur,,moon,Grimsnes,,
Grensdalur,,planet,Thule,,
Troll,,moon,Grensdalur,,
Askja,,planet,Thule,,
Vofa,,moon,Askja,,
Surtsey,,planet,Thule,,
Sal,,moon,Surtsey,,
Krossa,,"ring, asteroid_belt",Thule,,
Hvita,,"ring, asteroid_belt",Thule,,
Olfusa,,"ring, asteroid_belt",Thule,,
Grendel,,planet,Thule,,
Modor,,moon,Grendel,,
The Chiral Wisp,Chira,constellation,,,
Avice,,constellation,,,
Maculatus,Maculata,constellation,,,
Deinos,Deina,constellation,,,
Vuzgrimeti,,constellation,,,
Balwom,,constellation,,,
Spira,,constellation,,,
Zaranya,,constellation,,,
The Motley,Motley,constellation,,,
Moile,,constellation,,,
Prism,Prisma,constellation,,,
Arcus,,constellation,,,
Welo,,constellation,,,
Acorn,,moon,,,
Hope,,constellation,,,
Wonder,,constellation,,,
The Confluence,Conflux,constellation,,,
Cirrus,,constellation,,,
Olwyn,,constellation,,,
Pantheon,,constellation,,,
Eye,,constellation,,,
Pharos,,constellation,,,
Tempest,,constellation,,,
The Precipice,Precipice,constellation,,,
Archon,,constellation,,,
Sabazios,Sabazio,constellation,,,
Terror,,constellation,,,
Despair,,constellation,,,
Abandon,,constellation,,,
Legion,,constellation,,,
Golgotha,,constellation,,,
Blost,,star,,,
Uz,,constellation,,,
Hul,,star,,,
Togar,,star,,,
Mesha,,constellation,,,
Mu,,constellation,,,
Naacal,,star,,,
Zahra,,constellation,,,
Hufra,,constellation,,,
Zill,,moon,,,
Swang,,star,,,
Troano,,constellation,,,
Mayda,,constellation,,,
Bolunda,,planet,,,
Brazir,,planet,,,
Mam,,star,,,
Vlaanderen,,planet,,,
Asmaida,,constellation,,,
Chagos,Chago,constellation,,,
Eiger,,moon,,,
Ran,,constellation,,,
Vigrid,Vigri,constellation,,,
Hrym,,planet,,,
Nog,,"planet, moon",,,
Gryla,,constellation,,,
Cormoran,,constellation,,,
Morvah,,constellation,,,
Zennor,,constellation,,,
Madron,,constellation,,,
Athos,,constellation,,,
Cadmus,,star,,,
Echion,,planet,Cadmus,,
Laius,,planet,Cadmus,,
The Spartoi,,"ring, asteroid_belt",Cadmus,,
Bellerophon,,constellation,,,
Cilix,,"star, planet, moon",,,
Telephassa,,"star, planet",,,
Telephe,,moon,,,
Agriope,,"star, planet, moon",,,
Shevar,,constellation,,,
Ferragut,,"star, planet, moon",,,
Kroni,,constellation,,,
Kapre,,"star, planet, moon",,,
Zipacna,,"star, planet, moon",,,
Mbombo,,"constellation, star",,,
Basan,,"constellation, star",,,
Wendigo,,"constellation, star",,,
Abraxas,,"constellation, star, planet",,,
Vassago,,"constellation, star, planet",,,
Ukobach,,"constellation, star, planet",,,
Valac,,"constellation, star, planet",,,
Toyol,,"constellation, star, planet",,,
Solas,,"constellation, star, planet",,,
Shedim,,"constellation, star, planet",,,
Raum,,"star, planet, moon",,,
Ose,,"star, planet, moon",,,
Lempo,,"star, planet, moon",,,
Lilin,,"star, planet, moon",,,
Killakee Cat,,moon,,,
Ipos,,"star, planet, moon",,,
Hantu Raya,,"nebula, star, planet",,,
The Polong,,moon,,,
Pelesit,,moon,,,
Blue Crow,,"star, planet, moon",,,
Marathon,,"constellation, star",,,
Mazu,,"constellation, star",,,
Svarga,,"constellation, star",,,
Sunda,,"constellation, star",,,
Garbhodaka,,"nebula, constellation",,,
Pitrloka,,"star, planet",,,
Dalar's Star,,star,,,
Kardashev,,"constellation, star",,,
Hero,,"constellation, star",,,
Vecna,,"constellation, star",,,
Zendar,,"constellation, star",,,
Yaahl,,"planet, moon",,,
Sahara,,"nebula, constellation",,,
Gobi,,"nebula, constellation",,,
Kalahari,,"nebula, constellation",,,
Karakum,,"nebula, constellation",,,
Sonora,,"nebula, constellation",,,
Atacama,,"nebula, constellation",,,
Mojave,,"nebula, constellation",,,
Namib,,"nebula, constellation",,,
Aegea,,"nebula, constellation, star",,,
New Labrador,,"star, planet, moon",,,
New Biscay,,"nebula, constellation, star",,,
New Azov,,"nebula, constellation, star",,,
New Cordova,,"star, planet, moon",,,
New Pender,,"planet, moon",,,
New Guayaquil,,"planet, moon",,,
Third Bogota,,"planet, moon",,,
Yuendumu,,"planet, moon",,,
Yulara,,"planet, moon",,,
Ghan,,"planet, moon",,,
Warmun,,"planet, moon",,,
The Ord,,"ring, asteroid_belt, magnetic_field, accretion",,,
Naikoon,,"star, planet, moon",,,
Haanas,,"star, planet, moon",,,
The Pines,,"ring, asteroid_belt, magnetic_field",,,
New Caldwell,,"planet, moon",,,
Potato,,moon,,,
Baka,,moon,,,
Ang,,"star, planet, moon, nebula, constellation",,,
Rotanna,,"star, planet, moon, nebula, constellation",,,
Saleronos,,"star, planet, moon, nebula, constellation",,,
Gindraum,,"star, planet, moon, nebula, constellation",,,
Third Bog,,moon,,,
Ming Dadi,,"star, planet, moon, nebula, constellation",,,
Zennon's World,,"planet, moon",,,
Sidor,,"star, planet, moon, nebula, constellation",,,
Urandom,,"star, planet, moon, nebula, constellation",,,
The Laver,,"asteroid_belt, magnetic_field, accretion, ring",,,
Phoenus,,"star, planet, moon, nebula, constellation",,,
Glith,,"star, planet, moon, nebula, constellation",,,
New Pendera,,"star, planet, moon, nebula, constellation",,,
Grid,,"star, planet, moon, nebula, constellation",,,
Rhesh,,"star, planet, moon, nebula, constellation",,,
Swan,,"star, planet, moon, nebula, constellation",,,
Chird Bogotanma,,"star, planet, moon, nebula, constellation",,,
Brazimua,,"star, planet, moon, nebula, constellation",,,
Siegea,,"star, planet, moon, nebula, constellation",,,
Gargeneiron,,"star, planet, moon, nebula, constellation",,,
Kusa,,"star, planet, moon, nebula, constellation",,,
Old Milix,,"star, planet, moon, nebula, constellation",,,
Lamya,,"star, planet, moon, nebula, constellation",,,
Kigameng,,"star, planet, moon, nebula, constellation",,,
Yabadysh,,"star, planet, moon, nebula, constellation",,,
Hassa,,"star, planet, moon, nebula, constellation",,,
Kiten,,"star, planet, moon, nebula, constellation",,,
Tar,,"star, planet, moon, nebula, constellation",,,
Shethe Mah,,"star, planet, moon, nebula, constellation",,,
Arkoman,,"star, planet, moon, nebula, constellation",,,
Xaphobok,,"star, planet, moon, nebula, constellation",,,
Blost Dantalion,,"star, planet, moon, nebula, constellation",,,
Socona,,"star, planet, moon, nebula, constellation",,,
The Sinking Band,,"asteroid_belt, magnetic_field, accretion, ring",,,
Bradoc,,"star, planet, moon, nebula, constellation",,,
Aresh,,"star, planet, moon, nebula, constellation",,,
Mentone Crow,,"star, planet, moon, nebula, constellation",,,
Inda,,"star, planet, moon, nebula, constellation",,,
Pelesius,,"star, planet, moon, nebula, constellation",,,
O Toka,,"star, planet, moon, nebula, constellation",,,
Daphon,,"star, planet, moon, nebula, constellation",,,
Labraxas,,"star, planet, moon, nebula, constellation",,,
The Jinnor,,"asteroid_belt, magnetic_field, accretion, ring",,,
Huma,,"star, planet, moon, nebula, constellation",,,
Lilik,,"star, planet, moon, nebula, constellation",,,
The Simshanvil,,"asteroid_belt, magnetic_field, accretion, ring",,,
Flight of Murder,,"asteroid_belt, magnetic_field, accretion, ring",,,
Blackest Swarming,,"asteroid_belt, magnetic_field, accretion, ring",,,
Dyriad,,"star, planet, moon, nebula, constellation",,,
Maand,,"star, planet, moon, nebula, constellation",,,
Siren's Song,,"asteroid_belt, magnetic_field, accretion, ring",,,
The Lorelei,,"asteroid_belt, magnetic_field, accretion, ring",,,
Murmur,,"asteroid_belt, magnetic_field, accretion, ring",,,
Qarik,,"star, planet, moon, nebula, constellation",,,
Meros,,"star, planet, moon, nebula, constellation",,,
Big Ping,,"star, planet, nebula, constellation",,,
Suroclarile,,"star, planet, moon, nebula, constellation",,,
Al Nagang,,"star, planet, moon, nebula, constellation",,,
Hadreel,,"star, planet, moon, nebula, constellation",,,
Iron,,"star, planet, moon, constellation",,,
Rathon,,"star, planet, moon, nebula, constellation",,,
Jannow,,"star, planet, moon, nebula, constellation",,,
Xaphassor,,"star, planet, moon, nebula, constellation",,,
Lamnos,,"star, planet, moon, nebula, constellation",,,
Basmaida,,"star, planet, moon, nebula, constellation",,,
Jeresh,,"star, planet, moon, nebula, constellation",,,
Kydoimos,,"star, planet, moon, nebula, constellation",,,
Roharos,,"star, planet, moon, nebula, constellation",,,
Pair,,"star, planet, moon, nebula, constellation",,,
Tlalost Legila,,"star, planet, moon, nebula, constellation",,,
Zumu,,"star, planet, moon, nebula, constellation",,,
The Ourochar,,"asteroid_belt, magnetic_field, accretion, ring",,,
Milinbu,,"star, planet, moon, nebula, constellation",,,
Warmunadoc,,"star, planet, moon, nebula, constellation",,,
The Marov,,"asteroid_belt, magnetic_field, accretion, ring",,,
Xanthe Che,,"star, planet, moon, nebula, constellation",,,
Ning,,"star, planet, moon, nebula, constellation",,,
The Glith,,"asteroid_belt, magnetic_field, accretion, ring",,,
Kulull Moon,,moon,,,
Ghos,,"nebula, magnetic_field, ring",,,
Ucharos,,"star, planet, moon, nebula, constellation",,,
Lenglota Forthanan,,"star, planet, moon, nebula, constellation",,,
Urid,,"star, planet, moon, nebula, constellation",,,
Ukossa,,"star, planet, moon, nebula, constellation",,,
Alkonomia,,"star, planet, moon, nebula, constellation",,,
Tamael,,"star, planet, moon, nebula, constellation",,,
Qing,,"star, planet, moon, nebula, constellation",,,
Binsutu,,"star, planet, moon, nebula, constellation",,,
Grendusa,,"star, planet, moon, nebula, constellation",,,
Gream,,"star, planet, moon, nebula, constellation",,,
Umu,,"star, planet, moon, nebula, constellation, asteroid_belt, magnetic_field, accretion, ring",,,
The Myrianar,,"asteroid_belt, magnetic_field, accretion, ring",,,
Arcassa,,"star, planet, moon, nebula, constellation",,,
Berene,,"star, planet, moon, nebula, constellation",,,
Ranyox,,"star, planet, moon, nebula, constellation",,,
Chu,,"star, planet, moon, nebula, constellation",,,
Cha,,"star, planet, moon, nebula, constellation",,,
Mance,,"star, planet, moon, nebula, constellation",,,
Wonde,,"star, planet, moon, nebula, constellation",,,
Yabazimua,,"star, planet, moon, nebula, constellation",,,
The Ouroca,,"asteroid_belt, magnetic_field, accretion, ring",,,
Zuan,,"star, planet, moon, nebula, constellation",,,
Shero,,"star, planet, moon, nebula, constellation",,,
Macultus,,"star, planet, moon, nebula, constellation",,,
Loka,,"star, planet, moon, nebula, constellation",,,
New Conclave,,"star, planet, moon, nebula, constellation",,,
Han,,moon,,,
Guaya,,"star, planet, moon, nebula, constellation",,,
Pelephanar,,"star, planet, moon, nebula, constellation",,,
Jiao,,"star, planet, moon, nebula, constellation",,,
Akron,,"star, planet, moon, nebula, constellation",,,
Hargor,,"star, planet, moon, nebula, constellation",,,
Elnor,,"star, planet, moon, nebula, constellation",,,
Tharos,,"star, planet, moon, nebula, constellation",,,
Aresius,,"star, planet, moon, nebula, constellation",,,
Airin,,"star, planet, moon, nebula, constellation",,,
Arwald,,"star, planet, moon, nebula, constellation",,,
Dargor,,"star, planet, moon, nebula, constellation",,,
Aigor,,"star, planet, moon, nebula, constellation",,,
Elgard,,"star, planet, moon, nebula, constellation",,,
Naimur,,"star, planet, moon, nebula, constellation",,,
Atlon,,"star, planet, moon, nebula, constellation",,,
Morphegoros,,"star, planet, moon, nebula, constellation",,,
Karkara,,"star, planet, moon, nebula, constellation",,,
Karanan,,"star, planet, moon, nebula, constellation",,,
New Guan,,"star, planet, moon, nebula, constellation",,,
Samarat,,"star, planet, moon, nebula, constellation",,,
Alexiar,,"star, planet, moon, nebula, constellation",,,
Kepheus,,"star, planet, moon, nebula, constellation",,,
Agenor,,"star, planet, moon, nebula, constellation",,,
Morum,,"star, planet, moon, nebula, constellation",,,
Heimos,,"star, planet, moon, nebula, constellation",,,
Harkad,,"star, planet, moon, nebula, constellation",,,
Kang,,"star, planet, moon, nebula, constellation",,,
Chlorr,,"star, planet, moon, nebula, constellation",,,
Mengryla,,"star, planet, moon, nebula, constellation",,,
Manuela,,"star, planet, moon, nebula, constellation",,,
Isin,,"star, planet, moon, nebula, constellation",,,
Dumur,,"star, planet, moon, nebula, constellation",,,
Char,,"star, planet, moon, nebula, constellation",,,
Yaw,,"star, planet, moon, nebula, constellation",,,
Kalico,,"star, planet, moon, nebula, constellation",,,
Ranau,,"star, planet, moon, nebula, constellation",,,
Surganna,,"star, planet, moon, nebula, constellation",,,
Michon,,"star, planet, moon, nebula, constellation",,,
Morga,,"star, planet, moon, nebula, constellation",,,
Zahratna,,"star, planet, moon, nebula, constellation",,,
Sagon,,"star, planet, moon, nebula, constellation",,,
Both,,"star, planet, moon, nebula, constellation",,,
Belicho,,"star, planet, moon, nebula, constellation",,,
Bentzon Disk,,"nebula, constellation",,,
Armun,,"star, planet, moon, nebula, constellation",,,
Carcus,,"star, planet, moon, nebula, constellation",,,
Meleuthia,,"star, planet, moon, nebula, constellation",,,
Vlaan-Tone ,,"star, planet, moon, nebula, constellation",,,
Kasilik,,"star, planet, moon, nebula, constellation",,,
Bola,,"star, planet, moon, nebula, constellation",,,
Estrelya,,"star, constellation",,,
Ferror,,"star, planet, moon, nebula, constellation",,,
Ohai,,"star, planet, moon, nebula, constellation",,,
Grens,,"star, planet, moon, nebula, constellation",,,
Enyen,,"star, planet, moon, nebula, constellation",,,
Svaron,,"star, planet, moon, nebula, constellation",,,
Kadysh,,"star, planet, moon, nebula, constellation",,,
Qades,,"star, planet, moon, nebula, constellation",,,
Dawud,,"star, planet, moon, nebula, constellation",,,
Thros,,"star, planet, moon, nebula, constellation",,,
Onora,,"star, planet, moon, nebula, constellation",,,
Accreter-Hkere,,"star, planet, moon, nebula, constellation",,,
Cordiance,,"star, planet, moon, nebula, constellation",,,
Gorilous,,"star, planet, moon, nebula, constellation",,,
Tartiflette,,moon,,,
Mesh,,"star, planet, moon, nebula, constellation",,,
Azathe Armurrus,,"star, planet, moon, nebula, constellation",,,
Idimmeron,,"star, planet, moon, nebula, constellation",,,
Kerchekwari,,"star, planet, moon, nebula, constellation",,,
Ib Nwork,,"star, planet, moon, nebula, constellation",,,
Sheon,,"star, planet, moon, nebula, constellation",,,
Thalos,,"star, planet, moon, nebula, constellation",,,
Glance,,"star, planet, moon, nebula, constellation",,,
Brador,,"star, planet, moon, nebula, constellation",,,
Athconabi Nechicomia,,"star, planet, moon, nebula, constellation",,,
Micholia,,"star, planet, moon, nebula, constellation",,,
Echird Bogothros,,"star, planet, moon, nebula, constellation, asteroid_belt, magnetic_field, accretion, ring",,,
Frey,,"star, planet, moon, nebula, constellation",,,
Spair,,"star, planet, moon, nebula, constellation",,,
Komana,,"star, planet, moon, nebula, constellation",,,
Sar,,"star, planet, moon, nebula, constellation",,,
Kasdalur,,"star, planet, moon, nebula, constellation",,,
Novo Lambady,,"star, planet, moon, nebula, constellation, asteroid_belt, magnetic_field, accretion, ring",,,
Rephanaraq,,"star, planet, moon, nebula, constellation",,,
Zahrat Diyu,,"star, planet, moon, nebula, constellation",,,
Cymenemon,,"star, planet, moon, nebula, constellation",,,
Nova Cydonia,,"star, planet, moon, nebula, constellation",,,
Gray Ghost,,"star, planet, moon, nebula, constellation, asteroid_belt, magnetic_field, accretion, ring",,,
Gull Motley,,"star, planet, moon, nebula, constellation, asteroid_belt, magnetic_field, accretion, ring",,,
Damar's Star,,star,,,
Siren,,"star, planet, moon, nebula, constellation",,,
Pomora Lave,,"star, planet, moon, nebula, constellation, asteroid_belt, magnetic_field, accretion, ring",,,
The Serpent,,"ring, accretion, asteroid_belt",,,
Dark Wyrm,,"ring, accretion, asteroid_belt, nebula",,,
Ezbethe Ordox,,"star, planet, moon, nebula, constellation, asteroid_belt, magnetic_field, accretion, ring",,,
Hadon Veleset,,"star, planet, moon, nebula, constellation",,,
Black Mass,,"nebula, planet, moon",,,
Yamaros' Work,,"star, planet, moon, nebula, constellation",,,
Blue Ox,,moon,,,
Constant Companion,,moon,,,
Devoted Servant,,moon,,,
Dutiful Dog,,moon,,,
Archibald's Star,,star,,,
Conflagration,,"star, nebula",,,
The Dissolution,,"nebula, accretion, ring, asteroid_belt, asteroid_field",,,
Stella Vitae,,star,,,
The Incineration,,star,,,
Jericho,,"planet, moon, asteroid_belt, asteroid_field, accretion",,,
Neo Volos,,"planet, moon",,,
Uruk,,"star, planet, moon, nebula, constellation",,,
Knossos,,"star, planet, moon, nebula, constellation",,,
Avris,,"star, planet, moon, nebula, constellation",,,
Pi-Ramses,,"star, planet, moon, nebula, constellation",,,
Kesh,,"star, planet, moon, nebula, constellation",,,
Lagash,,"star, planet, moon, nebula, constellation",,,
Anyang,,"star, planet, moon, nebula, constellation",,,
Zabala,,"star, planet, moon, nebula, constellation",,,
Kosambi,,"star, planet, moon, nebula, constellation",,,
Haojing,,"star, planet, moon, nebula, constellation",,,
Qufu,,"star, planet, moon, nebula, constellation",,,
Grimsharos,,"star, planet, moon, nebula, constellation",,,
Gibidigi,,"star, planet, moon, nebula, constellation",,,
The Fastness,,"planet, moon, asteroid_field, nebula",,,
Fearsome Engine,,star,,,
Gadfium,,"star, planet, moon, nebula, constellation",,,
Sessine,,"star, planet, moon, nebula, constellation",,,
Bascule,,"star, planet, moon, nebula, constellation",,,
Ergates,,"star, planet, moon, nebula, constellation",,,
Thrial,,star,,,
Golter,,planet,Thrial,,
Ulubis,,star,,,
Zenerre,,star,,,
Aorme,,planet,,,
Marjoin,,planet,,,
Schar's World,,planet,,,
Sladden,,planet,,,
Sorpen,,planet,,,
Vreccis,,planet,,,
Borlu,,"star, planet, moon, nebula, constellation",,,
Ul Quoma,,"star, planet, moon, nebula, constellation",,,
Beszel,,"star, planet, moon, nebula, constellation",,,
Brigador,,"star, nebula, constellation",,,
Solo Libre,,"planet, moon",,,
Solo Nobre,,"planet, moon",,,
Buzzard,,moon,,,
Darien,,"star, nebula, constellation",,,
New Paria,,"star, nebula, constellation",,,
New Marmara,,"star, nebula, constellation",,,
Dreadnought,,"star, planet, moon",,,
The Old Fleet,,"asteroid_belt, accretion, asteroid_field",,,
Neos Bohol,,"star, planet, moon",,,
Novy Tayvay,,"star, nebula, constellation",,,
Far Salish,,"star, nebula, constellation",,,
Ultima Astrid,,"star, planet, moon",,,
Ultima Kowal,,"star, planet, moon",,,
Pera-Tartarus,Pera-Tartari,"star, planet, moon, nebula, constellation",,,
Sun Wukong,,"star, planet, moon",,,
Yutu,,moon,,,
Balrog,Balrogi,"star, planet, moon, nebula, constellation",,,
Cadejo,,"star, planet, moon, nebula, constellation",,,
Ala,,"star, planet, moon, nebula, constellation",,,
Elsbeth,,"star, planet, moon, nebula, constellation",,,
Vucub-Came,,"star, planet, moon, nebula, constellation",,,
Morgoth,Morgothi,"star, planet, moon, nebula, constellation",,,
Venera,,"star, planet, moon, nebula, constellation",,,
Kupe,,"star, planet, moon, nebula, constellation",,,
Vlaandom,,"star, planet, moon, nebula, constellation",,,
Barax,,"star, planet, moon, nebula, constellation",,,
Meropia,,"star, planet, moon, nebula, constellation",,,
Daphalial's Wheel,,"ring, accretion, magnetic_field",,,
Mag Melan,,"star, planet, moon",,,
Tered Kathon,,"star, planet, moon",,,
Neiron,,"star, planet, moon",,,
Olgoi-Khorkhoi,,"star, accretion, magnetic_field",,,
Apple,,moon,,,
Ball,,moon,,,
Old James,,moon,,,
Poor William's Grave,,"moon, asteroid_field",,,
Dandelion,,"moon, magnetic_field, asteroid_field",,,
Shistriel,,"star, planet, moon, nebula, constellation",,,
Breya,,"star, planet, moon, nebula, constellation",,,
Kestral,,"star, planet, moon, nebula, constellation",,,
Al Bari,,"star, nebula, constellation",,,
Shadow,,"nebula, magnetic_field, accretion, ring",,,
Weeper,,"star, planet, moon, nebula, constellation, asteroid_belt, magnetic_field, accretion, ring",,,
Amox,,"star, planet, moon, nebula, constellation",,,
Xophiel,,"star, planet, moon, nebula, constellation",,,
Mother Night,,"ring, accretion, magnetic_field, nebula",,,
The Archive,,"planet, moon, asteroid_field, asteroid_belt",,,
Black Fang,,"planet, moon",,,
Moss Eye,,"planet, moon",,,
Trick,,"planet, moon",,,
Blue,,"planet, moon",,,
Laphirial,,"star, planet, moon, nebula, constellation",,,
Goodfellow,,planet,,,
Troy,,moon,Goodfellow,,
Khore,,"star, planet, moon, nebula, constellation",,,
Galaver,,"star, planet, moon, nebula, constellation",,,
Dazog's Perch,,"planet, moon",,,
Her,,"star, planet, moon, nebula, constellation",,,
#World,,planet,,,
Red Grain,,"ring, accretion, asteroid_belt, asteroid_field",,,
Tamarat,,"star, planet, moon, nebula, constellation, asteroid_belt, magnetic_field, accretion, ring",,,
Devil's Playground,,"planet, moon, ring, accretion, asteroid_belt, asteroid_field, nebula",,,
Zumuzi,,"star, planet, moon, nebula, constellation",,,
Mok Morred,,"star, planet, moon, nebula, constellation, asteroid_belt, magnetic_field, accretion, ring",,,
High Place,,moon,,,
The Barren,,"ring, accretion, magnetic_field, nebula",,,
Mel Texat,,"star, planet, moon, nebula, constellation",,,
Fourteen Brothers,,asteroid_belt,,,
Naamaraq,,"star, planet, moon, nebula, constellation",,,
Stone Cord,,asteroid_belt,,,
Basilisk,,moon,,,
Eleuthian Streas,,"planet, moon, nebula",,,
Bhel,,"star, nebula, constellation",,,
Blakaz,,"planet, moon",,,
Flamma,,"star, constellation",,,
Revachol,,"star, planet, moon",,,