name,gender,usage,category
Thrax,,l,fringe
Grak,,l,fringe
Braxx,,l,fringe
Adax,,l,fringe
Nox,,l,fringe
Prax,,l,fringe
Solax,,l,fringe
Zol,,l,fringe
Subedar,,l,fringe
Temujax,,l,fringe
Jamux,,l,fringe
Toghrol,,l,fringe
Qadax,,l,fringe
Arighar,,l,fringe
Batox,,l,fringe
Arslax,,l,fringe
Chechal,,l,fringe
Erdenol,,l,fringe
Tegus,m,"f, l",fringe
Batak,,l,fringe
Arslar,m,"f, l",fringe
Arighax,,l,fringe
Nol,m,"f, l",fringe
Thrar,m,"f, l",fringe
Subedax,,l,fringe
Zor,,l,fringe
Gal,m,"f, l",fringe
Surax,,l,fringe
Oyungar,,l,fringe
Oyungax,,l,fringe
Borax,,l,fringe
Shriax,,l,fringe
Shrial,m,"f, l",fringe
Boral,m,"f, l",fringe
Altax,,l,fringe
Altarax,,l,fringe
Chagar,,l,fringe
Chagax,,l,fringe
Batax,,l,fringe
Batar,,l,fringe
Brutar,,l,fringe
Brutax,,l,fringe
Dochal,,l,fringe
Volgor,,l,fringe
Volgax,,l,fringe
Voral,,l,fringe
Atalax,,l,fringe
Atalar,,l,fringe
Gurbax,,l,fringe
Gurbal,,l,fringe
Dologar,,l,fringe
Dologax,,l,fringe
Dalax,,l,fringe
Naimar,,l,fringe
Naimal,,l,fringe
Tabar,,l,fringe
Jagax,,l,fringe
Jagar,,l,fringe
Chinax,,l,fringe
Brux,m,f,fringe
Dux,m,f,fringe
Dol,m,f,fringe
Dal,m,f,fringe
Tor,m,f,fringe
Gor,m,f,fringe
Aladax,m,f,fringe
Vor,m,f,fringe
Bor,m,f,fringe
Vox,m,f,fringe
Tal,m,f,fringe
Bok,m,f,fringe
Teg,m,f,fringe
Bur,m,f,fringe
Qor,m,f,fringe
Kor,m,f,fringe
Vach,m,f,fringe
Osol,m,f,fringe
Delg,m,f,fringe
Sur,m,f,fringe
Sor,m,f,fringe
Dulg,m,f,fringe
Darg,m,f,fringe
Gan,m,f,fringe
Qach,m,f,fringe
Chag,m,f,fringe
Ulag,m,f,fringe
Quch,m,f,fringe
Dolg,m,f,fringe
Bolg,m,f,fringe
Balg,m,f,fringe
Bruxa,f,f,fringe
Duxal,f,f,fringe
Dolal,f,f,fringe
Dala,f,f,fringe
Tora,f,f,fringe
Gora,f,f,fringe
Alada,f,f,fringe
Voral,f,f,fringe
Bora,f,f,fringe
Voxa,f,f,fringe
Talla,f,f,fringe
Boka,f,f,fringe
Tegga,f,f,fringe
Burra,f,f,fringe
Qora,f,f,fringe
Kora,f,f,fringe
Vacha,f,f,fringe
Osola,f,f,fringe
Delga,f,f,fringe
Sural,f,f,fringe
Sora,f,f,fringe
Dulga,f,f,fringe
Darga,f,f,fringe
Gana,f,f,fringe
Qacha,f,f,fringe
Chaga,f,f,fringe
Ulaga,f,f,fringe
Qucha,f,f,fringe
Dolga,f,f,fringe
Bolga,f,f,fringe
Balga,f,f,fringe
,,,
Whittemore,,l,"old english, modern"
Flitter,,l,"old english, modern"
Seamons,,l,"old english, modern"
Frohock,,l,"old english, modern"
Spann,,l,"old english, modern"
Murrish,,l,"old english, modern"
Eilbeck,,l,"old english, modern"
Dammerell,,l,"old english, modern"
Clish,,l,"old english, modern"
Allston,,l,"old english, modern"
Brazington,,l,"old english, modern"
Eckley,,l,"old english, modern"
Scripps,,l,"old english, modern"
Cullip,,l,"old english, modern"
Lynds,,l,"old english, modern"
Allred,,l,"old english, modern"
Heggs,,l,"old english, modern"
Fidell,,l,"old english, modern"
Fitzhugh,,l,"old english, modern"
Langsdale,,l,"old english, modern"
Straughan,,l,"old english, modern"
Turrill,,l,"old english, modern"
Sheasby,,l,"old english, modern"
Halward,,l,"old english, modern"
Owen,,l,"old english, modern"
Hargest,,l,"old english, modern"
Prichard,,l,"old english, modern"
Gravell,,l,"old english, modern"
Bellis,,l,"old english, modern"
Worthing,,l,"old english, modern"
,,,
Smith,,l,"old english, modern"
Johnson,,l,"old english, modern"
Williams,,l,"old english, modern"
Jones,,l,"old english, modern"
Brown,,l,"old english, modern"
Davis,,l,"old english, modern"
Miller,,l,"old english, modern"
Wilson,,l,"old english, modern"
Moore,,l,"old english, modern"
Taylor,,l,"old english, modern"
Anderson,,l,"old english, modern"
Thomas,m,"f, l","old english, modern"
Jackson,m,"f, l","old english, modern"
White,,l,"old english, modern"
Harris,,l,"old english, modern"
Martin,m,"f, l","old english, modern"
Thompson,,l,"old english, modern"
Garcia,,l,modern
Martinez,,l,modern
Robinson,,l,"old english, modern"
Clark,,l,"old english, modern"
Rodriguez,,l,modern
Lewis,m,"f, l","old english, modern"
Lee,m,"f, l","old english, modern"
Walker,,l,"old english, modern"
Hall,,l,"old english, modern"
Allen,m,"f, l","old english, modern"
Young,,l,"old english, modern"
Hernandez,,l,modern
King,,l,"old english, modern"
Wright,,l,"old english, modern"
Lopez,,l,modern
Hill,,l,"old english, modern"
Scott,m,"f, l","old english, modern"
Green,,l,"old english, modern"
Adams,,l,"old english, modern"
Baker,,l,"old english, modern"
Gonzalez,,l,modern
Nelson,m,"f, l","old english, modern"
Carter,,l,"old english, modern"
Mitchell,,l,"old english, modern"
Perez,,l,modern
Roberts,,l,"old english, modern"
Turner,,l,"old english, modern"
Phillips,,l,"old english, modern"
Campbell,,l,"old english, modern"
Parker,,l,"old english, modern"
Evans,,l,"old english, modern"
Edwards,,l,"old english, modern"
Collins,,l,"old english, modern"
Stewart,m,"f, l","old english, modern"
Sanchez,,l,modern
Morris,,l,"old english, modern"
Rogers,,l,"old english, modern"
Reed,,l,"old english, modern"
Cook,,l,"old english, modern"
Morgan,"m, f","f, l","old english, modern"
Bell,,l,"old english, modern"
Murphy,,l,"old english, modern"
Bailey,,l,"old english, modern"
Rivera,,l,"old english, modern"
Cooper,,l,"old english, modern"
Richardson,,l,"old english, modern"
Cox,,l,"old english, modern"
Howard,m,"f, l","old english, modern"
Ward,m,"f, l","old english, modern"
Torres,,l,modern
Peterson,,l,"old english, modern"
Gray,,l,"old english, modern"
Ramirez,,l,modern
James,m,"f, l","old english, modern"
Watson,,l,"old english, modern"
Brooks,,l,"old english, modern"
Kelly,"m, f","f, l","old english, modern"
Sanders,,l,"old english, modern"
Price,,l,"old english, modern"
Bennett,m,"f, l","old english, modern"
Wood,,l,"old english, modern"
Barnes,,l,"old english, modern"
Ross,,l,"old english, modern"
Henderson,,l,"old english, modern"
Coleman,,l,"old english, modern"
Jenkins,,l,"old english, modern"
Perry,,l,"old english, modern"
Powell,,l,"old english, modern"
Long,,l,"old english, modern"
Patterson,,l,"old english, modern"
Hughes,,l,"old english, modern"
Flores,,l,"old english, modern"
Washington,,l,"old english, modern"
Butler,,l,"old english, modern"
Simmons,,l,"old english, modern"
Foster,,l,"old english, modern"
Gonzales,,l,modern
Bryant,,l,"old english, modern"
Alexander,m,"f, l","old english, modern"
Russell,,l,"old english, modern"
Griffin,,l,"old english, modern"
Diaz,,l,modern
Hayes,,l,"old english, modern"
Myers,,l,"old english, modern"
Ford,,l,"old english, modern"
Hamilton,,l,"old english, modern"
Graham,,l,"old english, modern"
Sullivan,,l,"old english, modern"
Wallace,,l,"old english, modern"
Woods,,l,"old english, modern"
Cole,,l,"old english, modern"
West,,l,"old english, modern"
Jordan,m,"f, l","old english, modern"
Owens,,l,"old english, modern"
Reynolds,,l,"old english, modern"
Fisher,,l,"old english, modern"
Ellis,,l,"old english, modern"
Harrison,,l,"old english, modern"
Gibson,,l,"old english, modern"
McDonald,,l,"old english, modern"
Cruz,,l,"old english, modern"
Marshall,,l,"old english, modern"
Ortiz,,l,"old english, modern"
Gomez,,l,"old english, modern"
Murray,,l,"old english, modern"
Freeman,,l,"old english, modern"
Wells,,l,"old english, modern"
Webb,,l,"old english, modern"
Simpson,,l,"old english, modern"
Stevens,,l,"old english, modern"
Tucker,,l,"old english, modern"
Porter,,l,"old english, modern"
Hunter,,l,"old english, modern"
Hicks,,l,"old english, modern"
Crawford,,l,"old english, modern"
Henry,m,"f, l","old english, modern"
Boyd,,l,"old english, modern"
Mason,m,"f, l","old english, modern"
Morales,,l,modern
Kennedy,f,"f, l","old english, modern"
Warren,m,"f, l","old english, modern"
Dixon,m,"f, l","old english, modern"
Ramos,,l,"old english, modern"
Reyes,,l,"old english, modern"
Burns,,l,"old english, modern"
Gordon,m,"f, l","old english, modern"
Shaw,,l,"old english, modern"
Holmes,,l,"old english, modern"
Rice,,l,"old english, modern"
Robertson,,l,"old english, modern"
Hunt,,l,"old english, modern"
Black,,l,"old english, modern"
Daniels,,l,"old english, modern"
Palmer,,l,"old english, modern"
Mills,,l,"old english, modern"
Nichols,,l,"old english, modern"
Grant,m,"f, l","old english, modern"
Knight,,l,"old english, modern"
Ferguson,,l,"old english, modern"
Rose,f,"f, l","old english, modern"
Stone,,l,"old english, modern"
Hawkins,,l,"old english, modern"
Dunn,,l,"old english, modern"
Perkins,,l,"old english, modern"
Hudson,,l,"old english, modern"
Spencer,m,"f, l","old english, modern"
Gardner,,l,"old english, modern"
Stephens,,l,"old english, modern"
Payne,,l,"old english, modern"
Pierce,m,"f, l","old english, modern"
Berry,,l,"old english, modern"
Matthews,,l,"old english, modern"
Arnold,m,"f, l","old english, modern"
Wagner,,l,"old english, modern"
Willis,,l,"old english, modern"
Ray,m,"f, l","old english, modern"
Watkins,,l,"old english, modern"
Olson,,l,"old english, modern"
Carroll,,l,"old english, modern"
Duncan,,l,"old english, modern"
Snyder,,l,"old english, modern"
Hart,,l,"old english, modern"
Cunningham,,l,"old english, modern"
Bradley,m,"f, l","old english, modern"
Lane,m,"f, l","old english, modern"
Andrews,,l,"old english, modern"
Ruiz,,l,modern
Harper,,l,"old english, modern"
Fox,,l,"old english, modern"
Riley,f,"f, l","old english, modern"
Armstrong,,l,"old english, modern"
Carpenter,,l,"old english, modern"
Weaver,,l,"old english, modern"
Greene,,l,"old english, modern"
Lawrence,m,"f, l","old english, modern"
Elliott,m,"f, l","old english, modern"
Chavez,,l,modern
Sims,,l,"old english, modern"
Austin,,l,"old english, modern"
Peters,,l,"old english, modern"
Kelley,,l,"old english, modern"
Franklin,,l,"old english, modern"
Lawson,,l,"old english, modern"
Fields,,l,"old english, modern"
Gutierrez,,l,modern
Ryan,m,"f, l","old english, modern"
Schmidt,,l,"old english, modern"
Carr,,l,"old english, modern"
Vasquez,,l,modern
Castillo,,l,"old english, modern"
Wheeler,,l,"old english, modern"
Chapman,,l,"old english, modern"
Oliver,m,"f, l","old english, modern"
Montgomery,,l,"old english, modern"
Richards,,l,"old english, modern"
Williamson,,l,"old english, modern"
Johnston,,l,"old english, modern"
Banks,,l,"old english, modern"
Meyer,,l,"old english, modern"
Bishop,,l,"old english, modern"
McCoy,,l,"old english, modern"
Howell,,l,"old english, modern"
Alvarez,,l,modern
Morrison,,l,"old english, modern"
Hansen,,l,"old english, modern"
Fernandez,,l,modern
Garza,,l,modern
Harvey,,l,"old english, modern"
Little,,l,"old english, modern"
Burton,,l,"old english, modern"
Stanley,,l,"old english, modern"
Nguyen,,l,modern
George,m,"f, l","old english, modern"
Jacobs,,l,"old english, modern"
Reid,,l,"old english, modern"
Kim,"m, f","f, l","old english, modern"
Fuller,,l,"old english, modern"
Lynch,,l,"old english, modern"
Dean,,l,"old english, modern"
Gilbert,m,"f, l","old english, modern"
Garrett,,l,"old english, modern"
Romero,,l,modern
Welch,,l,"old english, modern"
Larson,,l,"old english, modern"
Frazier,,l,"old english, modern"
Burke,,l,"old english, modern"
Hanson,,l,"old english, modern"
Day,f,"f, l","old english, modern"
Mendoza,,l,"old english, modern"
Moreno,,l,modern
Bowman,,l,"old english, modern"
Medina,,l,modern
Fowler,,l,"old english, modern"
Brewer,,l,"old english, modern"
Hoffman,,l,"old english, modern"
Carlson,,l,"old english, modern"
Silva,,l,modern
Pearson,,l,"old english, modern"
Holland,,l,"old english, modern"
Douglas,m,"f, l","old english, modern"
Fleming,,l,"old english, modern"
Jensen,,l,"old english, modern"
Vargas,,l,modern
Byrd,,l,"old english, modern"
Davidson,,l,"old english, modern"
Hopkins,,l,"old english, modern"
May,f,"f, l","old english, modern"
Terry,"m, f","f, l","old english, modern"
Herrera,,l,modern
Wade,m,"f, l","old english, modern"
Soto,,l,modern
Walters,,l,"old english, modern"
Curtis,m,"f, l","old english, modern"
Neal,m,"f, l","old english, modern"
Caldwell,,l,"old english, modern"
Lowe,,l,"old english, modern"
Jennings,,l,"old english, modern"
Barnett,,l,"old english, modern"
Graves,,l,"old english, modern"
Jimenez,,l,modern
Horton,,l,"old english, modern"
Shelton,,l,"old english, modern"
Barrett,,l,"old english, modern"
Obrien,,l,"old english, modern"
Castro,,l,modern
Sutton,,l,"old english, modern"
Gregory,m,"f, l","old english, modern"
Mckinney,,l,"old english, modern"
Lucas,,l,"old english, modern"
Miles,,l,"old english, modern"
Craig,,l,"old english, modern"
Rodriquez,,l,modern
Chambers,,l,"old english, modern"
Holt,,l,"old english, modern"
Lambert,,l,"old english, modern"
Fletcher,,l,"old english, modern"
Watts,,l,"old english, modern"
Bates,,l,"old english, modern"
Hale,,l,"old english, modern"
Rhodes,,l,"old english, modern"
Pena,,l,modern
Beck,,l,"old english, modern"
Newman,,l,"old english, modern"
Haynes,,l,"old english, modern"
McDaniel,,l,"old english, modern"
Mendez,,l,modern
Bush,,l,"old english, modern"
Vaughn,,l,"old english, modern"
Parks,,l,"old english, modern"
Dawson,,l,"old english, modern"
Santiago,,l,modern
Norris,,l,"old english, modern"
Hardy,,l,"old english, modern"
Love,,l,"old english, modern"
Steele,,l,"old english, modern"
Curry,,l,"old english, modern"
Powers,,l,"old english, modern"
Schultz,,l,"old english, modern"
Barker,,l,"old english, modern"
Guzman,,l,"old english, modern"
Page,,l,"old english, modern"
Munoz,,l,modern
Ball,,l,"old english, modern"
Keller,,l,"old english, modern"
Chandler,,l,"old english, modern"
Weber,,l,"old english, modern"
Leonard,m,"f, l","old english, modern"
Walsh,,l,"old english, modern"
Lyons,,l,"old english, modern"
Ramsey,,l,"old english, modern"
Wolfe,,l,"old english, modern"
Schneider,,l,"old english, modern"
Mullins,,l,"old english, modern"
Benson,,l,"old english, modern"
Sharp,,l,"old english, modern"
Bowen,,l,"old english, modern"
Daniel,,l,"old english, modern"
Barber,,l,"old english, modern"
Cummings,,l,"old english, modern"
Hines,,l,"old english, modern"
Baldwin,,l,"old english, modern"
Griffith,,l,"old english, modern"
Valdez,,l,modern
Hubbard,,l,"old english, modern"
Salazar,,l,modern
Reeves,,l,"old english, modern"
Warner,,l,"old english, modern"
Stevenson,,l,"old english, modern"
Burgess,,l,"old english, modern"
Santos,,l,modern
Tate,,l,"old english, modern"
Cross,,l,"old english, modern"
Garner,,l,"old english, modern"
Mann,,l,"old english, modern"
Mack,,l,"old english, modern"
Moss,,l,"old english, modern"
Thornton,,l,"old english, modern"
Dennis,m,"f, l","old english, modern"
McGee,,l,"old english, modern"
Farmer,,l,"old english, modern"
Delgado,,l,modern
Aguilar,,l,"old english, modern"
Vega,,l,modern
Glover,,l,"old english, modern"
Manning,,l,"old english, modern"
Cohen,,l,"old english, modern"
Harmon,,l,"old english, modern"
Rodgers,,l,"old english, modern"
Robbins,,l,"old english, modern"
Newton,,l,"old english, modern"
Todd,m,"f, l","old english, modern"
Blair,f,"f, l","old english, modern"
Higgins,,l,"old english, modern"
Ingram,,l,"old english, modern"
Reese,"m, f","f, l","old english, modern"
Cannon,,l,"old english, modern"
Strickland,,l,"old english, modern"
Townsend,,l,"old english, modern"
Potter,,l,"old english, modern"
Goodwin,,l,"old english, modern"
Walton,,l,"old english, modern"
Rowe,,l,"old english, modern"
Hampton,,l,"old english, modern"
Ortega,,l,modern
Patton,,l,"old english, modern"
Swanson,,l,"old english, modern"
Joseph,m,"f, l","old english, modern"
Francis,m,"f, l","old english, modern"
Goodman,,l,"old english, modern"
Maldonado,,l,modern
Yates,,l,"old english, modern"
Becker,,l,"old english, modern"
Erickson,,l,"old english, modern"
Hodges,,l,"old english, modern"
Rios,,l,modern
Conner,m,"f, l","old english, modern"
Adkins,,l,"old english, modern"
Webster,,l,"old english, modern"
Norman,m,"f, l","old english, modern"
Malone,,l,"old english, modern"
Hammond,,l,"old english, modern"
Flowers,,l,"old english, modern"
Cobb,,l,"old english, modern"
Moody,,l,"old english, modern"
Quinn,f,"f, l","old english, modern"
Blake,m,"f, l","old english, modern"
Maxwell,,l,"old english, modern"
Pope,,l,"old english, modern"
Floyd,,l,"old english, modern"
Osborne,,l,"old english, modern"
Paul,m,"f, l","old english, modern"
McCarthy,,l,"old english, modern"
Guerrero,,l,modern
Lindsey,"m, f","f, l","old english, modern"
Estrada,,l,modern
Sandoval,,l,modern
Gibbs,,l,"old english, modern"
Tyler,m,"f, l","old english, modern"
Gross,,l,"old english, modern"
Fitzgerald,,l,"old english, modern"
Stokes,,l,"old english, modern"
Doyle,,l,"old english, modern"
Sherman,m,"f, l","old english, modern"
Saunders,,l,"old english, modern"
Wise,,l,"old english, modern"
Colon,,l,"old english, modern"
Gill,m,"f, l","old english, modern"
Alvarado,,l,modern
Greer,,l,"old english, modern"
Padilla,,l,modern
Simon,m,"f, l","old english, modern"
Waters,,l,"old english, modern"
Nunez,,l,modern
Ballard,,l,"old english, modern"
Schwartz,,l,"old english, modern"
McBride,,l,"old english, modern"
Houston,,l,"old english, modern"
Christensen,,l,"old english, modern"
Klein,,l,"old english, modern"
Pratt,,l,"old english, modern"
Briggs,,l,"old english, modern"
Parsons,,l,"old english, modern"
Mclaughlin,,l,"old english, modern"
Zimmerman,,l,"old english, modern"
Buchanan,,l,"old english, modern"
Moran,,l,"old english, modern"
Copeland,,l,"old english, modern"
Roy,m,"f, l","old english, modern"
Pittman,,l,"old english, modern"
Brady,,l,"old english, modern"
McCormick,,l,"old english, modern"
Holloway,,l,"old english, modern"
Brock,,l,"old english, modern"
Poole,,l,"old english, modern"
Frank,,l,"old english, modern"
Logan,m,"f, l","old english, modern"
Bass,,l,"old english, modern"
Marsh,,l,"old english, modern"
Drake,,l,"old english, modern"
Wong,,l,modern
Jefferson,,l,"old english, modern"
Park,,l,"old english, modern"
Morton,,l,"old english, modern"
Abbott,,l,"old english, modern"
Sparks,,l,"old english, modern"
Patrick,m,"f, l","old english, modern"
Norton,m,"f, l","old english, modern"
Huff,,l,"old english, modern"
Clayton,,l,"old english, modern"
Massey,,l,"old english, modern"
Lloyd,m,"f, l","old english, modern"
Figueroa,,l,modern
Carson,m,"f, l","old english, modern"
Bowers,,l,"old english, modern"
Roberson,,l,"old english, modern"
Barton,,l,"old english, modern"
Tran,,l,"old english, modern"
Lamb,f,"f, l","old english, modern"
Harrington,,l,"old english, modern"
Casey,"m, f","f, l","old english, modern"
Boone,,l,"old english, modern"
Cortez,,l,modern
Clarke,m,"f, l","old english, modern"
Mathis,,l,"old english, modern"
Singleton,,l,"old english, modern"
Wilkins,,l,"old english, modern"
Cain,m,"f, l","old english, modern"
Bryan,m,"f, l","old english, modern"
Underwood,,l,"old english, modern"
Hogan,,l,"old english, modern"
McKenzie,,l,"old english, modern"
Collier,,l,"old english, modern"
Luna,f,"f, l",modern
Phelps,,l,"old english, modern"
McGuire,,l,"old english, modern"
Allison,f,"f, l","old english, modern"
Bridges,,l,"old english, modern"
Wilkerson,,l,"old english, modern"
Nash,,l,"old english, modern"
Summers,,l,"old english, modern"
Atkins,,l,"old english, modern"
Wilcox,,l,"old english, modern"
Pitts,,l,"old english, modern"
Conley,,l,"old english, modern"
Marquez,,l,modern
Burnett,,l,"old english, modern"
Richard,m,"f, l","old english, modern"
Cochran,,l,"old english, modern"
Chase,f,"f, l","old english, modern"
Davenport,,l,"old english, modern"
Hood,,l,"old english, modern"
Gates,,l,"old english, modern"
Clay,,l,"old english, modern"
Ayala,,l,modern
Sawyer,,l,"old english, modern"
Roman,m,"f, l","old english, modern"
Vazquez,,l,modern
Dickerson,,l,modern
Hodge,,l,"old english, modern"
Acosta,,l,modern
Flynn,,l,"old english, modern"
Espinoza,,l,modern
Nicholson,,l,"old english, modern"
Monroe,,l,"old english, modern"
Wolf,,l,"old english, modern"
Morrow,,l,"old english, modern"
Kirk,,l,"old english, modern"
Randall,m,"f, l","old english, modern"
Anthony,,l,"old english, modern"
Whitaker,,l,"old english, modern"
Oconnor,,l,"old english, modern"
Skinner,,l,"old english, modern"
Ware,,l,"old english, modern"
Molina,,l,modern
Kirby,,l,"old english, modern"
Huffman,,l,"old english, modern"
Bradford,,l,"old english, modern"
Charles,m,"f, l","old english, modern"
Gilmore,,l,"old english, modern"
Dominguez,,l,modern
Oneal,,l,"old english, modern"
Bruce,m,"f, l","old english, modern"
Lang,,l,"old english, modern"
Combs,,l,"old english, modern"
Kramer,,l,"old english, modern"
Heath,,l,"old english, modern"
Hancock,,l,"old english, modern"
Gallagher,,l,"old english, modern"
Gaines,,l,"old english, modern"
Shaffer,,l,"old english, modern"
Short,,l,"old english, modern"
Wiggins,,l,"old english, modern"
Mathews,,l,"old english, modern"
McClain,,l,"old english, modern"
Fischer,,l,"old english, modern"
Wall,,l,"old english, modern"
Small,,l,"old english, modern"
Melton,,l,"old english, modern"
Hensley,,l,"old english, modern"
Bond,,l,"old english, modern"
Dyer,,l,"old english, modern"
Cameron,"m, f","f, l","old english, modern"
Grimes,,l,"old english, modern"
Contreras,,l,"old english, modern"
Christian,m,"f, l","old english, modern"
Wyatt,m,"f, l","old english, modern"
Baxter,,l,"old english, modern"
Snow,,l,"old english, modern"
Mosley,,l,"old english, modern"
Shepherd,,l,"old english, modern"
Larsen,,l,"old english, modern"
Hoover,,l,"old english, modern"
Beasley,,l,"old english, modern"
Glenn,,l,"old english, modern"
Petersen,,l,"old english, modern"
Whitehead,,l,"old english, modern"
Meyers,,l,"old english, modern"
Keith,m,"f, l","old english, modern"
Garrison,,l,"old english, modern"
Vincent,,l,"old english, modern"
Shields,,l,"old english, modern"
Horn,,l,"old english, modern"
Savage,,l,"old english, modern"
Olsen,,l,"old english, modern"
Schroeder,,l,"old english, modern"
Hartman,,l,"old english, modern"
Woodard,,l,"old english, modern"
Mueller,,l,"old english, modern"
Kemp,,l,"old english, modern"
Deleon,,l,"old english, modern"
Booth,,l,"old english, modern"
Patel,,l,"old english, modern"
Calhoun,,l,"old english, modern"
Wiley,,l,"old english, modern"
Eaton,,l,"old english, modern"
Cline,,l,"old english, modern"
Navarro,,l,modern
Harrell,,l,"old english, modern"
Lester,,l,"old english, modern"
Humphrey,,l,"old english, modern"
Parrish,,l,"old english, modern"
Duran,,l,"old english, modern"
Hutchinson,,l,"old english, modern"
Hess,,l,"old english, modern"
Dorsey,,l,"old english, modern"
Bullock,,l,"old english, modern"
Robles,,l,"old english, modern"
Beard,,l,"old english, modern"
Dalton,,l,"old english, modern"
Avila,,l,"old english, modern"
Vance,,l,"old english, modern"
Rich,m,"f, l","old english, modern"
Blackwell,,l,"old english, modern"
York,,l,"old english, modern"
Johns,,l,"old english, modern"
Blankenship,,l,"old english, modern"
Trevino,,l,"old english, modern"
Salinas,,l,modern
Campos,,l,modern
Pruitt,,l,"old english, modern"
Moses,m,"f, l","old english, modern"
Callahan,,l,"old english, modern"
Golden,,l,"old english, modern"
Montoya,,l,modern
Hardin,,l,"old english, modern"
Guerra,,l,"old english, modern"
McDowell,,l,"old english, modern"
Carey,,l,"old english, modern"
Stafford,,l,"old english, modern"
Gallegos,,l,modern
Henson,,l,"old english, modern"
Wilkinson,,l,"old english, modern"
Booker,,l,"old english, modern"
Merritt,,l,"old english, modern"
Miranda,f,"f, l",modern
Atkinson,,l,"old english, modern"
Orr,,l,"old english, modern"
Decker,,l,"old english, modern"
Hobbs,,l,"old english, modern"
Preston,,l,"old english, modern"
Tanner,m,"f, l","old english, modern"
Knox,,l,"old english, modern"
Pacheco,,l,modern
Stephenson,,l,"old english, modern"
Glass,,l,"old english, modern"
Rojas,,l,modern
Serrano,,l,modern
Marks,,l,"old english, modern"
Hickman,,l,"old english, modern"
English,,l,"old english, modern"
Sweeney,,l,"old english, modern"
Strong,,l,"old english, modern"
Prince,,l,"old english, modern"
McClure,,l,"old english, modern"
Conway,,l,"old english, modern"
Walter,m,"f, l","old english, modern"
Roth,,l,"old english, modern"
Maynard,,l,"old english, modern"
Farrell,,l,"old english, modern"
Lowery,,l,"old english, modern"
Hurst,,l,"old english, modern"
Nixon,m,"f, l","old english, modern"
Weiss,,l,"old english, modern"
Trujillo,,l,modern
Ellison,,l,"old english, modern"
Sloan,,l,"old english, modern"
Juarez,,l,modern
Winters,,l,"old english, modern"
McLean,,l,"old english, modern"
Randolph,,l,"old english, modern"
Leon,m,"f, l","old english, modern"
Boyer,,l,"old english, modern"
Villarreal,,l,modern
McCall,,l,"old english, modern"
Gentry,,l,"old english, modern"
Carrillo,,l,modern
Kent,,l,"old english, modern"
Ayers,,l,"old english, modern"
Lara,f,"f, l","old english, modern"
Shannon,f,"f, l","old english, modern"
Sexton,,l,"old english, modern"
Pace,,l,"old english, modern"
Hull,,l,"old english, modern"
Leblanc,,l,"old english, modern"
Browning,,l,"old english, modern"
Velasquez,,l,modern
Leach,,l,"old english, modern"
Chang,,l,modern
House,,l,"old english, modern"
Sellers,,l,"old english, modern"
Herring,,l,"old english, modern"
Noble,,l,"old english, modern"
Foley,,l,"old english, modern"
Bartlett,,l,"old english, modern"
Mercado,,l,modern
Landry,,l,"old english, modern"
Durham,,l,"old english, modern"
Walls,,l,"old english, modern"
Barr,,l,"old english, modern"
Mckee,,l,"old english, modern"
Bauer,,l,"old english, modern"
Rivers,,l,"old english, modern"
Everett,,l,"old english, modern"
Bradshaw,,l,"old english, modern"
Pugh,,l,"old english, modern"
Velez,,l,modern
Rush,,l,"old english, modern"
Estes,,l,modern
Dodson,,l,"old english, modern"
Morse,,l,"old english, modern"
Sheppard,,l,"old english, modern"
Weeks,,l,"old english, modern"
Camacho,,l,modern
Barron,,l,"old english, modern"
Livingston,,l,"old english, modern"
Middleton,,l,"old english, modern"
Spears,,l,"old english, modern"
Branch,,l,"old english, modern"
Blevins,,l,"old english, modern"
Chen,,l,modern
Kerr,,l,"old english, modern"
McConnell,,l,"old english, modern"
Hatfield,,l,"old english, modern"
Harding,,l,"old english, modern"
Ashley,"m, f","f, l","old english, modern"
Solis,,l,modern
Herman,m,l,"old english, modern"
Frost,,"f, l","old english, modern"
Giles,,l,"old english, modern"
Blackburn,,l,"old english, modern"
William,m,"f, l","old english, modern"
Pennington,,l,"old english, modern"
Woodward,,l,"old english, modern"
Finley,,l,"old english, modern"
McIntosh,,l,"old english, modern"
Koch,,l,"old english, modern"
Best,,l,"old english, modern"
Solomon,m,"f, l","old english, modern"
McCullough,,l,"old english, modern"
Dudley,m,"f, l","old english, modern"
Nolan,m,"f, l","old english, modern"
Blanchard,,l,"old english, modern"
Rivas,,l,modern
Brennan,,l,"old english, modern"
Mejia,,l,modern
Kane,m,"f, l","old english, modern"
Benton,,l,"old english, modern"
Joyce,f,"f, l","old english, modern"
Buckley,,l,"old english, modern"
Haley,f,"f, l","old english, modern"
Valentine,f,"f, l","old english, modern"
Maddox,,l,"old english, modern"
Russo,,l,modern
McKnight,,l,"old english, modern"
Buck,m,"f, l","old english, modern"
Moon,f,"f, l","old english, modern"
McMillan,,l,"old english, modern"
Crosby,,l,"old english, modern"
Berg,,l,"old english, modern"
Dotson,,l,"old english, modern"
Mays,,l,"old english, modern"
Roach,,l,"old english, modern"
Church,,l,"old english, modern"
Chan,,l,modern
Richmond,,l,"old english, modern"
Meadows,,l,"old english, modern"
Faulkner,,l,"old english, modern"
Oneill,,l,"old english, modern"
Knapp,,l,"old english, modern"
Kline,,l,"old english, modern"
Barry,m,"f, l","old english, modern"
Ochoa,,l,modern
Jacobson,,l,"old english, modern"
Gay,,l,"old english, modern"
Avery,m,"f, l","old english, modern"
Hendricks,,l,"old english, modern"
Horne,,l,"old english, modern"
Shepard,,l,"old english, modern"
Hebert,,l,"old english, modern"
Cherry,,l,"old english, modern"
Cardenas,,l,modern
McIntyre,,l,"old english, modern"
Whitney,f,"f, l","old english, modern"
Waller,,l,"old english, modern"
Holman,,l,"old english, modern"
Donaldson,,l,"old english, modern"
Cantu,,l,modern
Terrell,m,"f, l","old english, modern"
Morin,,l,"old english, modern"
Gillespie,,l,"old english, modern"
Fuentes,,l,modern
Tillman,,l,"old english, modern"
Sanford,,l,"old english, modern"
Bentley,,l,"old english, modern"
Peck,,l,"old english, modern"
Key,,l,"old english, modern"
Salas,,l,modern
Rollins,,l,"old english, modern"
Gamble,,l,"old english, modern"
Dickson,,l,"old english, modern"
Battle,,l,"old english, modern"
Santana,,l,modern
Cabrera,,l,modern
Cervantes,,l,modern
Howe,,l,"old english, modern"
Hinton,,l,"old english, modern"
Hurley,,l,"old english, modern"
Spence,m,"f, l","old english, modern"
Zamora,,l,modern
Yang,,l,modern
McNeil,,l,"old english, modern"
Suarez,,l,modern
Case,m,"f, l","old english, modern"
Petty,,l,"old english, modern"
Gould,,l,"old english, modern"
McFarland,,l,"old english, modern"
Sampson,,l,"old english, modern"
Carver,,l,"old english, modern"
Bray,,l,"old english, modern"
Rosario,,l,modern
MacDonald,,l,"old english, modern"
Stout,,l,"old english, modern"
Hester,,l,"old english, modern"
Melendez,,l,modern
Dillon,,l,"old english, modern"
Farley,f,"f, l","old english, modern"
Hopper,,l,"old english, modern"
Galloway,,l,"old english, modern"
Potts,,l,"old english, modern"
Bernard,m,"f, l","old english, modern"
Joyner,,l,"old english, modern"
Stein,,l,"old english, modern"
Aguirre,,l,modern
Osborn,,l,"old english, modern"
Mercer,,l,"old english, modern"
Bender,,l,"old english, modern"
Franco,,l,"old english, modern"
Rowland,,l,"old english, modern"
Sykes,,l,"old english, modern"
Benjamin,m,"f, l","old english, modern"
Travis,m,"f, l","old english, modern"
Pickett,,l,"old english, modern"
Crane,,l,"old english, modern"
Sears,,l,"old english, modern"
Dunlap,,l,"old english, modern"
Hayden,m,"f, l","old english, modern"
Wilder,,l,"old english, modern"
McKay,,l,"old english, modern"
Coffey,,l,"old english, modern"
McCarty,,l,"old english, modern"
Ewing,,l,"old english, modern"
Cooley,,l,"old english, modern"
Vaughan,,l,"old english, modern"
Bonner,,l,"old english, modern"
Cotton,,l,"old english, modern"
Holder,,l,"old english, modern"
Stark,,l,"old english, modern"
Ferrell,,l,"old english, modern"
Cantrell,,l,"old english, modern"
Fulton,,l,"old english, modern"
Lynn,f,"f, l","old english, modern"
Lott,,l,"old english, modern"
Calderon,,l,modern
Rosa,,l,modern
Pollard,,l,"old english, modern"
Hooper,,l,"old english, modern"
Burch,,l,"old english, modern"
Mullen,,l,"old english, modern"
Fry,,l,"old english, modern"
Riddle,m,"f, l","old english, modern"
Levy,,l,"old english, modern"
David,m,"f, l","old english, modern"
Duke,m,"f, l","old english, modern"
Odonnell,,l,"old english, modern"
Guy,m,"f, l","old english, modern"
Michael,m,"f, l","old english, modern"
Britt,,l,"old english, modern"
Frederick,m,"f, l","old english, modern"
Daugherty,,l,"old english, modern"
Berger,,l,"old english, modern"
Dillard,,l,"old english, modern"
Alston,,l,"old english, modern"
Jarvis,,l,"old english, modern"
Frye,,l,"old english, modern"
Riggs,,l,"old english, modern"
Chaney,,l,"old english, modern"
Odom,,l,"old english, modern"
Duffy,,l,"old english, modern"
Fitzpatrick,,l,"old english, modern"
Valenzuela,,l,modern
Merrill,,l,"old english, modern"
Mayer,,l,"old english, modern"
Alford,,l,"old english, modern"
Mcpherson,,l,"old english, modern"
Acevedo,,l,modern
Donovan,,l,"old english, modern"
Barrera,,l,modern
Albert,,l,"old english, modern"
Cote,,l,"old english, modern"
Reilly,,l,"old english, modern"
Compton,m,"f, l","old english, modern"
Raymond,m,"f, l","old english, modern"
Mooney,,l,"old english, modern"
McGowan,,l,"old english, modern"
Craft,,l,"old english, modern"
Cleveland,,l,"old english, modern"
Clemons,,l,"old english, modern"
Wynn,,l,"old english, modern"
Nielsen,,l,"old english, modern"
Baird,,l,"old english, modern"
Stanton,,l,"old english, modern"
Snider,,l,"old english, modern"
Rosales,,l,modern
Bright,,l,"old english, modern"
Witt,,l,"old english, modern"
Stuart,m,"f, l","old english, modern"
Hays,,l,"old english, modern"
Holden,m,"f, l","old english, modern"
Rutledge,,l,"old english, modern"
Kinney,,l,"old english, modern"
Clements,,l,"old english, modern"
Castaneda,,l,modern
Slater,,l,"old english, modern"
Hahn,,l,"old english, modern"
Emerson,,l,"old english, modern"
Conrad,m,"f, l","old english, modern"
Burks,,l,"old english, modern"
Delaney,,l,"old english, modern"
Pate,,l,"old english, modern"
Lancaster,,l,"old english, modern"
Sweet,,l,"old english, modern"
Justice,,l,"old english, modern"
Tyson,m,"f, l","old english, modern"
Sharpe,,l,"old english, modern"
Whitfield,,l,"old english, modern"
Talley,,l,"old english, modern"
Macias,,l,modern
Irwin,m,"m, l","old english, modern"
Burris,,l,"old english, modern"
Ratliff,,l,"old english, modern"
McCray,,l,"old english, modern"
Madden,,l,"old english, modern"
Kaufman,,l,"old english, modern"
Beach,,l,"old english, modern"
Goff,,l,"old english, modern"
Cash,,l,"old english, modern"
Bolton,,l,"old english, modern"
McFadden,,l,"old english, modern"
Levine,,l,"old english, modern"
Good,,l,"old english, modern"
Byers,,l,"old english, modern"
Kirkland,,l,"old english, modern"
Kidd,,l,"old english, modern"
Workman,,l,"old english, modern"
Carney,,l,"old english, modern"
Dale,m,"f, l","old english, modern"
Macleod,,l,"old english, modern"
Holcomb,,l,"old english, modern"
England,,l,"old english, modern"
Finch,,l,"old english, modern"
Burt,m,"f,l","old english, modern"
Hendrix,,l,"old english, modern"
Sosa,,l,modern
Haney,,l,"old english, modern"
Franks,,l,"old english, modern"
Sargent,,l,"old english, modern"
Nieves,,l,"old english, modern"
Downs,,l,"old english, modern"
Rasmussen,,l,"old english, modern"
Bird,,l,"old english, modern"
Hewitt,,l,"old english, modern"
Lindsay,f,"f,l","old english, modern"
Foreman,,l,"old english, modern"
Valencia,,l,modern
Oneil,,l,"old english, modern"
Delacruz,,l,modern
Vinson,,l,"old english, modern"
Dejesus,,l,modern
Hyde,,l,"old english, modern"
Forbes,,l,"old english, modern"
Gilliam,,l,"old english, modern"
Guthrie,,l,"old english, modern"
Wooten,,l,"old english, modern"
Huber,,l,"old english, modern"
Barlow,,l,"old english, modern"
Boyle,,l,"old english, modern"
Mcmahon,,l,"old english, modern"
Buckner,,l,"old english, modern"
Rocha,,l,modern
Puckett,,l,"old english, modern"
Langley,,l,"old english, modern"
Knowles,,l,"old english, modern"
Cooke,,l,"old english, modern"
Velazquez,,l,modern
Whitley,,l,"old english, modern"
Noel,f,"f, l","old english, modern"
Vang,,l,modern
River,f,f,modern
Ocean,"m, f","f, l",modern
Alastair,m,"f, l","old english, modern"
Freya,f,f,"modern, myth"
,,,
Esther,f,f,"old english, modern"
Abigail,f,f,"old english, modern"
Emmanuel,m,f,modern
Gabriel,m,f,modern
Harrier,m,f,modern
du Bois,,l,modern
Turnabout,,l,modern
Vasona,,l,world
Atateken,,l,world
Nares,,l,world
Hazen,,l,world
Snowbank,,l,world
Anadyr,,l,world
Kolva,,l,world
Onega,,l,world
Voronya,f,f,world
Suna,,l,world
Malka,f,f,world
Tobol,,l,world
Katun,,l,world
Kheta,,l,world
Kacha,,l,world
Orkhon,,l,world
Molodo,,l,world
Moloy,,l,world
Kirenga,,l,world
Chernaya,,l,world
Zeya,,l,world
Tremblay,,l,world
Gagnon,,l,world
Desjardins,,l,world
Leblanc,,l,world
Gauthier,,l,world
Bergeron,,l,world
Belanger,,l,world
Bouchard,,l,world
Pelletier,,l,world
Gagne,,l,world
Lavoie,,l,world
Fortin,,l,world
Levesque,,l,world
Merlaux,,l,world
Mercaillon,,l,world
Moise,,l,world
Jacquard,,l,world
Moulinier,,l,world
Calot,,l,world
Cotin,,l,world
Moktar,,l,world
Adamos,,l,world
Xiphias,,l,world
Sideris,,l,world
Rosi,,l,world
Persopoulos,,l,world
Othanos,,l,world
Masalis,,l,world
Nephus,,l,world
Iraklidis,,l,world
Kazan,,l,world
Chronis,,l,world
Angelis,,l,world
Balaska,,l,world
Aetos,,l,world
Uther,m,f,world
Sherbrooke,,l,world
Mont-Royal,,l,world
Laurier,,l,world
Rosemont,,l,world
Beaubien,,l,world
Beaudry,,l,world
Papineau,,l,world
Frontenac,,l,world
Joliette,,l,world
Angrignon,,l,world
Verdun,,l,world
Lasalle,,l,world
Atwater,,l,world
Jean-Talon,,l,world
Thor,m,f,myth
Zeus,m,f,myth
Isis,f,f,myth
Ishtar,f,f,myth
Min,m,f,myth
Ra,m,f,myth
Osiris,m,f,myth
Anubis,m,f,myth
Set,m,f,myth
Hathor,f,f,myth
Wadjet,f,f,myth
Kali,f,f,myth
Enyo,f,f,myth
Athena,f,f,myth
Minerva,f,f,myth
Varda,f,f,myth
Zorya,f,f,myth
Enki,m,f,myth
Gilgamesh,m,f,myth
Hercules,m,f,myth
Hector,m,f,myth
Helen,f,f,myth
Paris,m,f,myth
Aeneas,m,f,myth
Artemis,f,f,myth
Ares,m,f,myth
Hermes,m,f,myth
Poseidon,m,f,myth
Apollo,m,f,myth
Hera,f,f,myth
Eris,f,f,myth
Ixchel,f,f,myth
Future,f,f,future
Nasa,,f,future
California,f,l,future
Nevada,f,l,future
America,,f,future
Alaska,f,f,future
Soyuz,f,f,future
#Baikal,m,f,future
Volna,f,f,future
Technician,,l,future
Fiore,,l,future
Hanta,,l,future
Yourdon,,l,future
Diziet,f,f,future
Luyten,,l,future
Sol,m,f,future
Luna,f,f,future
Sirius,,l,future
Procyon,,l,future
Centauri,,l,future
Proxima,,l,future
Eridani,,l,future
Lacaille,,l,future
Cygni,,l,future
Tau Ceti,,l,future
Gliese,,l,future
Pluto,m,f,future
Eris,f,f,future
Sedna,f,f,future
Charon,m,f,future
Ceres,f,f,future
Mercury,m,f,future
Mars,m,f,future
Venus,f,f,future
Ard,f,f,future
Ares,m,f,future
Jupiter,m,f,"future, myth"
Saturn,m,f,"future, myth"
Uranus,m,f,"future, myth"
Neptune,m,f,"future, myth"
Orion,m,f,"future, myth"
Orcus,m,f,"future, myth"
Varuna,f,f,"future, myth"
Elysium,,l,"future, myth"
Hellas,,l,future
Cimmeria,,l,future
Eridania,,l,future
Tharsis,,l,future
Olympus,,l,"future, myth"
Deneb,,l,future
Phobos,,l,"future, myth"
Deimos,,l,"future, myth"
Io,f,"f, l",future
Europa,f,"f, l","future, myth"
Callisto,f,"f, l","future, myth"
Ganymede,m,"f, l","future, myth"
Titan,m,"f, l","future, myth"
Titania,f,f,"future, myth"
Triton,m,"f, l",future
Mimas,m,"f, l",future
Common,,l,future
Datus,,l,future
Summerstar,,l,future
Volta,m,f,future
Miras,f,f,future
Yurania,f,f,future
Elim,m,f,future
Trinity,f,f,future
#Station,,l,future
Orbital,,l,future
Gallery,,l,future
Dust,,l,future
Egypt,"m, f","f, l",future
Persia,"m, f","f, l",future
Patagonia,,l,future
Arafura,f,f,future
Campion,m,f,future
Adrana,f,f,future
Purslane,f,f,future
Betony,f,f,"old english, modern"
Galingale,m,f,future
Hesperus,m,f,future
Cadence,f,f,future
Cascade,m,f,future
Fescue,m,f,future
Labrador,m,l,future
Siberia,f,l,future
Oberon,m,"f, l","future, myth"
Megas,m,f,future
Megale,f,f,future
Dajeil,f,f,future
Monday,"m, f",f,"modern, future"
Wednesday,f,f,"modern, future"
Friday,m,f,"modern, future"
Canada,"m, f",f,future
Mexico,m,f,future
Sierra Azul,,l,future
Loma Prieta,,l,future
Anno Nuevo,,l,future
Chicomoztoc,,l,future
Hiver,,l,future
Second,,"f, l",future
Third,,"f, l",future
Fourth,,"f, l",future
Two,,"f, l",future
Three,,"f, l",future
Four,,"f, l",future
Firstshift,,l,future
Secondshift,,l,future
Thirdshift,,l,future
Cryoborn,,l,future
Augment,,l,future
Artifice,f,f,future
Symbiote,"m, f",f,future
Ultra,f,f,future
Perihelion,f,f,future
Aphelion,m,f,future
Belter,,l,future
Spaceborn,,l,future
Hygiea,f,f,"myth, future"
Cybele,f,f,"myth, future"
Aurora,f,f,"myth, future"
Europan,,l,future
Martian,,l,future
Venusian,,l,future
Lunar,,l,future
Cerean,,l,future
Titanian,,l,future
Tenthgen,,l,future
Octagens,,l,future
Interstellar,,l,future
X,,l,future
Z,,l,future
Nil,,"f, l",future
Zero,m,f,future
Centauran,,l,future
Cetian,,l,future
Rossian,,l,future
Kentaurian,,l,future
Serian,,l,future
Vegan,,l,future
Luytenian,,l,future
Promixa,,l,future
Morcenx,,l,future
Quell,,l,future
Clinker,,l,future
Prozor,f,f,future
Hasper,m,f,future
Zosma,f,f,future
Wezen,m,f,future
Torcular,,l,future
Zaurak,,l,future
Suhail,,l,future
Sheliak,f,f,future
Rasalas,,l,future
Rotanev,,l,future
Polis,,l,future
Pollux,m,f,myth
Nihal,,l,future
Meridiana,f,f,future
Kuma,f,f,future
Izar,m,f,future
Fulu,,l,future
Ginan,,l,future
Avior,,l,future
Arcturus,m,f,myth
Ankaa,,l,future
Adhara,,l,future
Vela,f,f,future
Umbriel,f,f,future
Sanzed,,l,future
Nassun,f,f,future
Essun,f,f,future
Innon,m,f,future
Schaffa,m,f,future
Damaya,f,f,future
Flex,,l,future
Toro,,l,future
Spiral,,l,future
Mariner,,l,future
Aeolis,m,f,future
Argyre,,l,future
Noachis,,l,future
Daedalia,,l,future
Amazonis,,l,future
Arcadia,,l,future
Sirenum,,l,future
Phlegra,,l,future
Australe,,l,future
Promethei,,l,future
Serpentis,,l,future
Nepenthes,,l,future
Imbrium,,l,future
Jura,,l,future
Lalande,,l,future
Struve,,l,future
Ursa,f,f,myth
Chaac,m,f,myth
Cabrakan,m,"f, l",myth
Akna,f,f,myth
Alom,m,f,myth
Cytherean,,l,future
Hadean,,l,future
Zun,m,f,"world, future"
Mesec,,l,"world, future"
Chand,,l,"world, future"
Surya,,l,"world, future"
Korshid,m,f,"world, future"
Tir,m,f,"world, future"
Jinxing,,l,"world, future"
Taiyou,,l,"world, future"
Tsuki,,l,"world, future"
Bulan,f,f,"world, future"
Mwezi,,l,"world, future"
Mendeleev,,l,world
Li,,l,world
Wang,,l,world
Zhang,,l,world
Liu,,l,world
Chen,,l,world
Yang,,l,world
Zhao,,l,world
Huang,,l,world
Zhou,,l,world
Wu,,l,world
Sharma,,l,world
Verma,,l,world
Gupta,,l,world
Chatterjee,,l,world
Sen,,l,world
Bose,,l,world
Nayar,,l,world
Pillai,,l,world
Rao,,l,world
Singh,,l,world
Yadav,,l,world
Khan,,l,world
Shah,,l,world
Mehta,,l,world
Patel,,l,world
Pawar,,l,world
Ram,,l,world
Xu,,l,world
#Sun,,l,world
Ma,,l,world
Sato,,l,world
Suzuki,,l,world
Takahashi,,l,world
Watanabe,,l,world
Ito,,l,world
Nakamura,,l,world
Kobayashi,,l,world
Yamamoto,,l,world
Kato,,l,world
Yoshida,,l,world
Yamada,,l,world
Kitsuragi,,l,world
Kim,,l,world
Lee,,l,world
Park,,l,world
Choi,,l,world
Jeong,,l,world
Kang,,l,world
Yoon,,l,world
Jang,,l,world
Lim,,l,world
Han,,l,world
Santos,,l,world
Reyes,,l,world
Cruz,,l,world
Bautista,,l,world
Ocampo,,l,world
Kaya,,l,world
Demir,,l,world
Yilmaz,,l,world
Nguyen,,l,world
Tran,,l,world
Pham,,l,world
Fernandez,,l,world
Rodriguez,,l,world
Gonzalez,,l,world
Garcia,,l,world
Lopez,,l,world
Martinez,,l,world
Perez,,l,world
Alvarez,,l,world
Gomez,,l,world
Florez,,l,world
Zambrano,,l,world
Persaud,,l,world
Tjon,,l,world
Jean,,l,world
Dialo,,l,world
Juma,,l,world
Okello,,l,world
Corea,,l,world
Ahmed,,l,world
Ganbold,,l,world
Kila,,l,world
Romero,,l,world
Bhatti,,l,world
Baloch,,l,world
Memon,,l,world
Niazi,,l,world
Qadri,,l,world
Zakaria,,l,world
Kader,,l,world
Farah,,l,world
Osman,,l,world
Imran,,l,world
Sonari,,l,world
Dalmar,,l,world
Ibrahim,,l,world
Gullet,,l,world
Daud,,l,world
Apauso,,l,world
Adebayo,,l,world
Oni,,l,world
Eze,,l,world
Okafor,,l,world
Daruwalla,,l,world
Dahr,,l,world
Korelev,,l,world
Luhman,,l,world
Kebe,f,f,world
Temitope,f,f,world
Nzube,f,f,world
Ayomide,f,f,world
Olabisi,f,f,world
Kemi,f,f,world
Chimdalu,f,f,world
Idris,m,f,world
Olawale,m,f,world
Adewale,m,f,world
Opeyemi,m,f,world
Uche,m,f,world
Ayodele,m,f,world
Abaeze,m,f,world
Zoputa,f,f,world
Osa,f,f,world
Oba,m,f,world
Fana,f,f,world
Genat,f,f,world
Iskander,m,f,world
Dawit,m,f,world
Gabra,m,f,world
Hakim,m,f,world
Negasi,f,f,world
Zala,f,f,world
Yacob,m,f,world
Lapis,f,f,world
Hu,m,f,world
Rania,f,f,world
Sabra,f,f,world
Nour,f,f,world
Gamal,m,f,world
Abasi,m,f,world
Putri,f,f,world
Intan,f,f,world
Nurul,f,f,world
Ayu,f,f,world
Amalia,f,f,world
Rio,m,f,world
Farel,m,f,world
Dimas,m,f,world
Fauzi,m,f,world
Fajar,m,f,world
Haliim,m,f,world
Chaiya,m,f,world
Chanthira,f,f,world
Aran,m,f,world
Anurak,m,f,world
Hom,f,f,world
Fa Ying,f,f,world
Daw,f,f,world
Bogdan,m,f,world
Andon,m,f,world
Boyana,f,f,world
Filipa,f,f,world
Gavril,m,f,world
Lazar,m,f,world
Rada,f,f,world
Yoan,m,f,world
Sava,m,f,world
Nevena,f,f,world
Zhivko,m,f,world
Dawn,f,"f, l",luddic
Faith-my-joy,f,f,luddic
Arise,m,f,"luddic, future"
Confidence,m,f,luddic
Humble,,l,luddic
#Livewell,,l,luddic
Lively,,l,"luddic, old english"
Weep-not,"m, f",f,luddic
Seekwisdom,,l,luddic
Deliverance,f,f,luddic
Smallhope,,l,luddic
Grace,f,f,luddic
Light,"m, f",f,"luddic, future"
Zion,,"f, l",luddic
Sunday,"m, f",f,"luddic, modern"
Promise,"m, f",f,luddic
Mercy,f,f,luddic
Redeem,"m, f",f,luddic
Favour,"m, f",f,luddic
Faith,f,f,luddic
Sacrifice,m,f,luddic
Praise-god,f,f,luddic
Fear-god,m,f,luddic
Makepeace,f,f,luddic
Balance,m,f,luddic
Silence,m,f,luddic
Amity,f,f,luddic
Verity,f,f,luddic
Prudence,f,f,luddic
Hope,f,f,luddic
Virtue,f,f,luddic
Experience,m,f,luddic
Ashes,m,f,luddic
Dust,m,f,luddic
Barebones,,l,luddic
Memory,,l,luddic
Lament,,l,luddic
Blessing,f,f,luddic
Amen,m,f,luddic
Given-to-god,,l,luddic
Exult,m,f,luddic
Greenearth,,l,luddic
Holyoak,,l,luddic
Psalm-of-earth,,l,luddic
Cherish-life,,l,luddic
Rite-of-earth,,l,luddic
Dutiful,m,f,luddic
Emerson,m,f,luddic
Spring,f,f,"luddic, future"
Summer,f,f,"luddic, modern"
Fall,m,f,luddic
Autumn,m,f,"luddic, future"
Winter,f,f,"luddic, future"
Elipha,f,f,luddic
Cleophas,f,f,luddic
Obedience,f,f,luddic
Zachariah,m,f,luddic
Obediah,m,f,luddic
Thaddeus,m,f,luddic
Cyrus,m,f,luddic
Azariah,m,f,luddic
Theophilus,m,f,luddic
Virgil,m,f,luddic
Pleasant,,l,luddic
Malachi,m,f,luddic
Eureka,,f,ai
Alabaster,,f,ai
Crimson,,f,ai
Amber,,f,ai
Green,,f,ai
Blue,,f,ai
White,,f,ai
Fuchsia,,f,ai
Yellow,,f,ai
Gray,,f,ai
Azure,,f,ai
Gold,,f,ai
Silver,,f,ai
Black,,f,ai
Magenta,,f,ai
Violet,,f,ai
Ultraviolet,,f,ai
Infrared,,f,ai
Cerulean,,f,ai
Maroon,,f,ai
Brown,,f,ai
Burgundy,,f,ai
Orange,,f,ai
Celadon,,f,ai
Cerise,,f,ai
Chartreuse,,f,ai
Rose,,f,ai
Cyan,,f,ai
Puce,,f,ai
Scarlet,,f,ai
Sienna,,f,ai
Aquamarine,,f,ai
Mauve,,f,ai
Ebony,,f,ai
Viridian,,f,ai
Gunmetal,,f,ai
Icterine,,f,ai
Octarine,,f,ai
Ecru,,f,ai
Indigo,,f,ai
Ivory,,f,ai
Jade,,f,ai
Lavender,,f,ai
Navy,,f,ai
Ochre,,f,ai
Heliotrope,,f,ai
Olive,,f,ai
Onyx,,f,ai
Pearl,,f,ai
Umber,,f,ai
Ruby,,f,ai
Russet,,f,ai
Saffron,,f,ai
Sapphire,,f,ai
Slate,,f,ai
Teal,,f,ai
Turquoise,,f,ai
Ultramarine,,f,ai
Vermillion,,f,ai
Exalted,,l,ai
Melodic,,l,ai
Ancient,,l,ai
Velocious,,l,ai
Tenacious,,l,ai
Sagacious,,l,ai
Draconian,,l,ai
Prevailing,,l,ai
Palatial,,l,ai
Optimal,,l,ai
Paramount,,l,ai
Transcendent,,l,ai
Ascendant,,l,ai
Palatinate,,l,ai
Ethereal,,l,ai
Intangible,,l,ai
Inscrutable,,l,ai
Resplendent,,l,ai
Glorious,,l,ai
Radiant,,l,ai
Splendorous,,l,ai
Unequaled,,l,ai
Boundless,,l,ai
Endless,,l,ai
Infinite,,l,ai
Unthinkable,,l,ai
Ultimate,,l,ai
Terminal,,l,ai
Optimum,,l,ai
Superlative,,l,ai
Supreme,,l,ai
Wintermute,,l,ai
Ghostwheel,,l,ai
Xerxes,,l,ai
Five Aces,,l,pirate
Bones,"m, f",f,pirate
Skull,m,f,pirate
Crossbones,,l,pirate
Plunder,,l,pirate
Rage,"m, f",f,pirate
Massacre,"m, f",l,pirate
Furious,,l,pirate
Radleak,,f,pirate
Rotten,,l,pirate
Glowing,"m, f",f,pirate
Gold,,l,pirate
Airlock,"m, f",f,pirate
Trigger-finger,"m, f",f,pirate
Escape Pod,"m, f",f,pirate
Itchy,"m, f",f,pirate
Butcher,"m, f",f,pirate
Ray-gun,"m, f",f,pirate
No Prisoners,,l,pirate
Rusty,"m, f",f,pirate
Blood,"m, f",f,pirate
Hijack,"m, f",f,pirate
Radiation,"m, f",f,pirate
Bomber,"m, f",f,pirate
No-Credits,,l,pirate
Antimatter,"m, f",f,pirate
Jolly,"m, f",f,pirate
Faller,,l,pirate
Dancer,"m, f",f,pirate
Grifter,"m, f",f,pirate
High Burn,"m, f",f,pirate
Master-blaster,,l,pirate
Jump,"m, f",f,pirate
Jumper,,l,pirate
Ambush,"m, f",f,pirate
Gunstreet,"m, f",f,pirate
Sabot,"m, f",f,pirate
Slaughterhouse,"m, f",f,pirate
Socor,m,f,pirate
Marietta,f,f,pirate
Kennit,m,f,pirate
Madness,,l,pirate
Ultragamma,"m,f",f,pirate
Bloodwine,,l,pirate
Coldwind,,l,pirate
Bombard,m,f,pirate
Sunrise,,l,pirate
Charming,,l,pirate
Maudite,,l,pirate
Turn,,l,pirate
Black-goat,,l,pirate
Volley,,l,pirate
Salvo,,l,pirate
Blitz,m,f,pirate
Cuno,m,f,pirate
Cunoesse,f,f,pirate
Shelby,,l,pirate
Amra,f,f,pirate
Pom,f,f,pirate
Rackham,,l,pirate
Sham,m,f,pirate
Naphi,f,f,pirate
Mocker,,l,pirate
Shroak,,l,pirate
Rask,,l,pirate
Cutter,m,f,pirate
Snip,f,f,pirate
Slash,f,f,pirate
Sirocco,,l,"pirate, future"
Crashblossom,,l,pirate
Shrapnel,"m, f",f,pirate